Player,Team,Nation,Position,Age,MP,Playing Time_Starts,Playing Time_Min,Playing Time_90s,Performance_Gls,Performance_Ast,Performance_G+A,Performance_G-PK,Performance_PK,Performance_PKatt,Performance_CrdY,Performance_CrdR,Per 90 Minutes_Gls,Per 90 Minutes_Ast,Per 90 Minutes_G+A,Per 90 Minutes_G-PK,Per 90 Minutes_G+A-PK,Playing Time_MP,Performance_GA,Performance_GA90,Performance_SoTA,Performance_Saves,Performance_Save%,Performance_W,Performance_D,Performance_L,Performance_CS,Performance_CS%,Penalty Kicks_PKatt,Penalty Kicks_PKA,Penalty Kicks_PKsv,Penalty Kicks_PKm,Penalty Kicks_Save%,90s,Standard_Gls,Standard_Sh,Standard_SoT,Standard_SoT%,Standard_Sh/90,Standard_SoT/90,Standard_G/Sh,Standard_G/SoT,Standard_PK,Standard_PKatt,Performance_2CrdY,Performance_Fls,Performance_Fld,Performance_Off,Performance_Crs,Performance_Int,Performance_TklW,Performance_PKwon,Performance_PKcon,Performance_OG
Aaron Ramsdale,Southampton,eng ENG,GK,26.0,N/a,30,2700.0,30.0,0.0,0.0,0.0,0.0,0.0,0.0,2.0,0.0,0.0,0.0,0.0,0.0,0.0,30.0,66.0,2.2,182.0,123.0,66.5,2.0,5.0,23.0,3.0,10.0,7.0,5.0,2.0,0.0,28.6,30.0,0.0,0.0,0.0,N/a,0.0,0.0,N/a,N/a,0.0,0.0,0.0,1.0,4.0,0.0,0.0,1.0,0.0,N/a,N/a,0.0
Aaron Wan-Bissaka,West Ham United,cd COD,"DF,MF",26.0,36.0,35,3154.0,35.0,2.0,5.0,7.0,2.0,0.0,0.0,1.0,0.0,0.06,0.14,0.2,0.06,0.2,N/a,N/a,N/a,N/a,N/a,N/a,N/a,N/a,N/a,N/a,N/a,N/a,N/a,N/a,N/a,N/a,35.0,2.0,16.0,5.0,31.3,0.46,0.14,0.13,0.4,0.0,0.0,0.0,25.0,28.0,5.0,76.0,61.0,49.0,N/a,N/a,1.0
Abdoulaye Doucouré,Everton,ml MLI,MF,31.0,N/a,31,2564.0,28.5,3.0,2.0,5.0,3.0,0.0,0.0,5.0,1.0,0.11,0.07,0.18,0.11,0.18,33.0,N/a,N/a,N/a,N/a,N/a,N/a,N/a,N/a,N/a,N/a,N/a,N/a,N/a,N/a,N/a,28.5,3.0,31.0,10.0,32.3,1.09,0.35,0.1,0.3,0.0,0.0,1.0,49.0,5.0,10.0,23.0,11.0,28.0,N/a,N/a,0.0
Adam Armstrong,Southampton,eng ENG,"FW,MF",27.0,N/a,15,1248.0,13.9,2.0,2.0,4.0,2.0,0.0,1.0,4.0,0.0,0.14,0.14,0.29,0.14,0.29,20.0,N/a,N/a,N/a,N/a,N/a,N/a,N/a,N/a,N/a,N/a,N/a,N/a,N/a,N/a,N/a,13.9,2.0,26.0,9.0,34.6,1.87,0.65,0.08,0.22,0.0,1.0,0.0,12.0,5.0,9.0,14.0,4.0,3.0,N/a,N/a,0.0
Adam Smith,Bournemouth,eng ENG,DF,33.0,N/a,19,1590.0,17.7,0.0,0.0,0.0,0.0,0.0,0.0,7.0,0.0,0.0,0.0,0.0,0.0,0.0,25.0,N/a,N/a,N/a,N/a,N/a,N/a,N/a,N/a,N/a,N/a,N/a,N/a,N/a,N/a,N/a,17.7,0.0,3.0,0.0,0.0,0.17,0.0,0.0,N/a,0.0,0.0,0.0,19.0,12.0,0.0,33.0,15.0,14.0,N/a,N/a,0.0
Adam Wharton,Crystal Palace,eng ENG,MF,20.0,20.0,16,1318.0,14.6,0.0,2.0,2.0,0.0,0.0,0.0,2.0,0.0,0.0,0.14,0.14,0.0,0.14,N/a,N/a,N/a,N/a,N/a,N/a,N/a,N/a,N/a,N/a,N/a,N/a,N/a,N/a,N/a,N/a,14.6,0.0,13.0,5.0,38.5,0.89,0.34,0.0,0.0,0.0,0.0,0.0,12.0,21.0,0.0,39.0,19.0,16.0,N/a,N/a,0.0
Adama Traoré,Fulham,es ESP,MF,28.0,N/a,18,1772.0,19.7,2.0,7.0,9.0,2.0,0.0,0.0,3.0,0.0,0.1,0.36,0.46,0.1,0.46,36.0,N/a,N/a,N/a,N/a,N/a,N/a,N/a,N/a,N/a,N/a,N/a,N/a,N/a,N/a,N/a,19.7,2.0,39.0,12.0,30.8,1.98,0.61,0.05,0.17,0.0,0.0,0.0,24.0,32.0,1.0,100.0,1.0,13.0,N/a,N/a,0.0
Alejandro Garnacho,Manchester United,ar ARG,MF,20.0,36.0,23,2199.0,24.4,6.0,2.0,8.0,6.0,0.0,0.0,3.0,0.0,0.25,0.08,0.33,0.25,0.33,N/a,N/a,N/a,N/a,N/a,N/a,N/a,N/a,N/a,N/a,N/a,N/a,N/a,N/a,N/a,N/a,24.4,6.0,84.0,30.0,35.7,3.44,1.23,0.07,0.2,0.0,0.0,0.0,12.0,44.0,10.0,55.0,13.0,16.0,N/a,N/a,0.0
Alex Iwobi,Fulham,ng NGA,MF,28.0,N/a,35,2981.0,33.1,9.0,6.0,15.0,9.0,0.0,0.0,1.0,0.0,0.27,0.18,0.45,0.27,0.45,38.0,N/a,N/a,N/a,N/a,N/a,N/a,N/a,N/a,N/a,N/a,N/a,N/a,N/a,N/a,N/a,33.1,9.0,68.0,29.0,42.6,2.05,0.88,0.13,0.31,0.0,0.0,0.0,19.0,18.0,5.0,127.0,13.0,26.0,N/a,N/a,0.0
Alex Palmer,Ipswich Town,eng ENG,GK,27.0,13.0,13,1170.0,13.0,0.0,0.0,0.0,0.0,0.0,0.0,2.0,0.0,0.0,0.0,0.0,0.0,0.0,13.0,30.0,2.31,74.0,45.0,60.8,1.0,3.0,9.0,0.0,0.0,1.0,1.0,0.0,0.0,0.0,13.0,0.0,0.0,0.0,N/a,0.0,0.0,N/a,N/a,0.0,0.0,0.0,1.0,4.0,0.0,0.0,0.0,0.0,N/a,N/a,0.0
Alexander Isak,Newcastle United,se SWE,FW,24.0,34.0,34,2756.0,30.6,23.0,6.0,29.0,19.0,4.0,4.0,1.0,0.0,0.75,0.2,0.95,0.62,0.82,N/a,N/a,N/a,N/a,N/a,N/a,N/a,N/a,N/a,N/a,N/a,N/a,N/a,N/a,N/a,N/a,30.6,23.0,99.0,46.0,46.5,3.23,1.5,0.19,0.41,4.0,4.0,0.0,28.0,14.0,20.0,16.0,3.0,5.0,N/a,N/a,0.0
Alexis Mac Allister,Liverpool,ar ARG,MF,25.0,35.0,30,2599.0,28.9,5.0,5.0,10.0,5.0,0.0,0.0,6.0,0.0,0.17,0.17,0.35,0.17,0.35,N/a,N/a,N/a,N/a,N/a,N/a,N/a,N/a,N/a,N/a,N/a,N/a,N/a,N/a,N/a,N/a,28.9,5.0,38.0,14.0,36.8,1.32,0.48,0.13,0.36,0.0,0.0,0.0,62.0,40.0,2.0,86.0,22.0,59.0,N/a,N/a,0.0
Alisson,Liverpool,br BRA,GK,31.0,28.0,28,2508.0,27.9,0.0,0.0,0.0,0.0,0.0,0.0,0.0,0.0,0.0,0.0,0.0,0.0,0.0,28.0,29.0,1.04,106.0,74.0,73.6,18.0,7.0,3.0,10.0,35.7,1.0,1.0,0.0,0.0,0.0,27.9,0.0,0.0,0.0,N/a,0.0,0.0,N/a,N/a,0.0,0.0,0.0,0.0,2.0,0.0,0.0,0.0,0.0,N/a,N/a,0.0
Alphonse Areola,West Ham United,fr FRA,GK,31.0,26.0,25,2260.0,25.1,0.0,0.0,0.0,0.0,0.0,0.0,0.0,0.0,0.0,0.0,0.0,0.0,0.0,26.0,41.0,1.63,121.0,80.0,66.1,5.0,7.0,13.0,5.0,20.0,0.0,0.0,0.0,0.0,N/a,25.1,0.0,0.0,0.0,N/a,0.0,0.0,N/a,N/a,0.0,0.0,0.0,0.0,0.0,0.0,0.0,0.0,2.0,N/a,N/a,1.0
Amad Diallo,Manchester United,ci CIV,"MF,FW",22.0,26.0,20,1901.0,21.1,8.0,6.0,14.0,8.0,0.0,0.0,5.0,0.0,0.38,0.28,0.66,0.38,0.66,N/a,N/a,N/a,N/a,N/a,N/a,N/a,N/a,N/a,N/a,N/a,N/a,N/a,N/a,N/a,N/a,21.1,8.0,47.0,17.0,36.2,2.23,0.8,0.17,0.47,0.0,0.0,0.0,20.0,28.0,9.0,43.0,10.0,31.0,N/a,N/a,0.0
Amadou Onana,Aston Villa,be BEL,MF,22.0,N/a,20,1617.0,18.0,3.0,0.0,3.0,3.0,0.0,0.0,4.0,0.0,0.17,0.0,0.17,0.17,0.17,26.0,N/a,N/a,N/a,N/a,N/a,N/a,N/a,N/a,N/a,N/a,N/a,N/a,N/a,N/a,N/a,18.0,3.0,17.0,6.0,35.3,0.95,0.33,0.18,0.5,0.0,0.0,0.0,32.0,30.0,0.0,2.0,26.0,29.0,N/a,N/a,0.0
Andreas Pereira,Fulham,br BRA,MF,28.0,N/a,25,2013.0,22.4,2.0,4.0,6.0,2.0,0.0,1.0,7.0,0.0,0.09,0.18,0.27,0.09,0.27,33.0,N/a,N/a,N/a,N/a,N/a,N/a,N/a,N/a,N/a,N/a,N/a,N/a,N/a,N/a,N/a,22.4,2.0,39.0,9.0,23.1,1.74,0.4,0.05,0.22,0.0,1.0,0.0,29.0,24.0,1.0,173.0,9.0,12.0,N/a,N/a,0.0
Andrew Robertson,Liverpool,sct SCO,DF,30.0,33.0,29,2482.0,27.6,0.0,1.0,1.0,0.0,0.0,0.0,3.0,1.0,0.0,0.04,0.04,0.0,0.04,N/a,N/a,N/a,N/a,N/a,N/a,N/a,N/a,N/a,N/a,N/a,N/a,N/a,N/a,N/a,N/a,27.6,0.0,15.0,3.0,20.0,0.54,0.11,0.0,0.0,0.0,0.0,0.0,11.0,8.0,3.0,145.0,21.0,21.0,N/a,N/a,1.0
André,Wolverhampton Wanderers,br BRA,MF,23.0,33.0,31,2472.0,27.5,0.0,0.0,0.0,0.0,0.0,0.0,7.0,0.0,0.0,0.0,0.0,0.0,0.0,N/a,N/a,N/a,N/a,N/a,N/a,N/a,N/a,N/a,N/a,N/a,N/a,N/a,N/a,N/a,N/a,27.5,0.0,10.0,1.0,10.0,0.36,0.04,0.0,0.0,0.0,0.0,0.0,36.0,34.0,0.0,0.0,37.0,55.0,N/a,N/a,0.0
André Onana,Manchester United,cm CMR,GK,28.0,34.0,34,3060.0,34.0,0.0,0.0,0.0,0.0,0.0,0.0,0.0,0.0,0.0,0.0,0.0,0.0,0.0,34.0,44.0,1.29,129.0,88.0,68.2,10.0,9.0,15.0,9.0,26.5,4.0,3.0,1.0,0.0,25.0,34.0,0.0,0.0,0.0,N/a,0.0,0.0,N/a,N/a,0.0,0.0,0.0,0.0,2.0,0.0,0.0,0.0,2.0,N/a,N/a,0.0
Anthony Elanga,Nottingham Forest,se SWE,"MF,FW",22.0,38.0,31,2501.0,27.8,6.0,11.0,17.0,6.0,0.0,0.0,1.0,0.0,0.22,0.4,0.61,0.22,0.61,N/a,N/a,N/a,N/a,N/a,N/a,N/a,N/a,N/a,N/a,N/a,N/a,N/a,N/a,N/a,N/a,27.8,6.0,44.0,24.0,54.5,1.58,0.86,0.14,0.25,0.0,0.0,0.0,9.0,47.0,18.0,184.0,6.0,15.0,N/a,N/a,0.0
Anthony Gordon,Newcastle United,eng ENG,"FW,MF",23.0,34.0,28,2434.0,27.0,6.0,5.0,11.0,5.0,1.0,2.0,2.0,0.0,0.22,0.18,0.41,0.18,0.37,N/a,N/a,N/a,N/a,N/a,N/a,N/a,N/a,N/a,N/a,N/a,N/a,N/a,N/a,N/a,N/a,27.0,6.0,59.0,19.0,32.2,2.18,0.7,0.08,0.26,1.0,2.0,0.0,20.0,71.0,8.0,130.0,6.0,17.0,N/a,N/a,0.0
Antoine Semenyo,Bournemouth,gh GHA,MF,24.0,N/a,36,3203.0,35.6,11.0,5.0,16.0,11.0,0.0,0.0,9.0,0.0,0.31,0.14,0.45,0.31,0.45,37.0,N/a,N/a,N/a,N/a,N/a,N/a,N/a,N/a,N/a,N/a,N/a,N/a,N/a,N/a,N/a,35.6,11.0,126.0,41.0,32.5,3.54,1.15,0.09,0.27,0.0,0.0,0.0,72.0,37.0,14.0,58.0,9.0,36.0,N/a,N/a,0.0
Antonee Robinson,Fulham,us USA,"DF,MF",26.0,N/a,35,3167.0,35.2,0.0,10.0,10.0,0.0,0.0,0.0,8.0,0.0,0.0,0.28,0.28,0.0,0.28,36.0,N/a,N/a,N/a,N/a,N/a,N/a,N/a,N/a,N/a,N/a,N/a,N/a,N/a,N/a,N/a,35.2,0.0,16.0,2.0,12.5,0.45,0.06,0.0,0.0,0.0,0.0,0.0,31.0,20.0,7.0,172.0,57.0,57.0,N/a,N/a,0.0
Arijanet Muric,Ipswich Town,xk KVX,GK,25.0,18.0,18,1620.0,18.0,0.0,0.0,0.0,0.0,0.0,0.0,1.0,0.0,0.0,0.0,0.0,0.0,0.0,18.0,33.0,1.83,100.0,70.0,70.0,2.0,6.0,10.0,1.0,5.6,3.0,3.0,0.0,0.0,0.0,18.0,0.0,0.0,0.0,N/a,0.0,0.0,N/a,N/a,0.0,0.0,0.0,0.0,4.0,0.0,0.0,0.0,0.0,N/a,N/a,0.0
Ashley Young,Everton,eng ENG,DF,39.0,N/a,19,1875.0,20.8,1.0,3.0,4.0,1.0,0.0,0.0,7.0,1.0,0.05,0.14,0.19,0.05,0.19,32.0,N/a,N/a,N/a,N/a,N/a,N/a,N/a,N/a,N/a,N/a,N/a,N/a,N/a,N/a,N/a,20.8,1.0,6.0,3.0,50.0,0.29,0.14,0.17,0.33,0.0,0.0,0.0,30.0,22.0,0.0,75.0,26.0,36.0,N/a,N/a,0.0
Axel Tuanzebe,Ipswich Town,cd COD,DF,26.0,22.0,20,1710.0,19.0,0.0,1.0,1.0,0.0,0.0,0.0,5.0,1.0,0.0,0.05,0.05,0.0,0.05,N/a,N/a,N/a,N/a,N/a,N/a,N/a,N/a,N/a,N/a,N/a,N/a,N/a,N/a,N/a,N/a,19.0,0.0,4.0,0.0,0.0,0.21,0.0,0.0,N/a,0.0,0.0,1.0,17.0,12.0,0.0,10.0,22.0,19.0,N/a,N/a,1.0
Bart Verbruggen,Brighton & Hove Albion,nl NED,GK,21.0,36.0,36,3240.0,36.0,0.0,1.0,1.0,0.0,0.0,0.0,5.0,0.0,0.0,0.03,0.03,0.0,0.03,36.0,58.0,1.61,140.0,89.0,65.0,14.0,13.0,9.0,7.0,19.4,9.0,9.0,0.0,0.0,0.0,36.0,0.0,0.0,0.0,N/a,0.0,0.0,N/a,N/a,0.0,0.0,0.0,0.0,2.0,0.0,0.0,0.0,0.0,N/a,N/a,0.0
Ben Johnson,Ipswich Town,eng ENG,"MF,DF",24.0,23.0,14,1354.0,15.0,1.0,2.0,3.0,1.0,0.0,0.0,5.0,1.0,0.07,0.13,0.2,0.07,0.2,N/a,N/a,N/a,N/a,N/a,N/a,N/a,N/a,N/a,N/a,N/a,N/a,N/a,N/a,N/a,N/a,15.0,1.0,7.0,3.0,42.9,0.47,0.2,0.14,0.33,0.0,0.0,1.0,27.0,6.0,1.0,37.0,13.0,20.0,N/a,N/a,0.0
Ben White,Arsenal,eng ENG,DF,26.0,17.0,13,1198.0,13.3,0.0,2.0,2.0,0.0,0.0,0.0,2.0,0.0,0.0,0.15,0.15,0.0,0.15,N/a,N/a,N/a,N/a,N/a,N/a,N/a,N/a,N/a,N/a,N/a,N/a,N/a,N/a,N/a,N/a,13.3,0.0,9.0,2.0,22.2,0.68,0.15,0.0,0.0,0.0,0.0,0.0,10.0,5.0,1.0,17.0,16.0,15.0,N/a,N/a,0.0
Bernardo Silva,Manchester City,pt POR,MF,29.0,33.0,29,2670.0,29.7,4.0,4.0,8.0,4.0,0.0,0.0,7.0,0.0,0.13,0.13,0.27,0.13,0.27,N/a,N/a,N/a,N/a,N/a,N/a,N/a,N/a,N/a,N/a,N/a,N/a,N/a,N/a,N/a,N/a,29.7,4.0,32.0,12.0,37.5,1.08,0.4,0.13,0.33,0.0,0.0,0.0,27.0,31.0,3.0,60.0,21.0,35.0,N/a,N/a,0.0
Bernd Leno,Fulham,de GER,GK,32.0,N/a,38,3420.0,38.0,0.0,1.0,1.0,0.0,0.0,0.0,5.0,0.0,0.0,0.03,0.03,0.0,0.03,38.0,54.0,1.42,158.0,107.0,67.7,15.0,9.0,14.0,5.0,13.2,4.0,3.0,1.0,0.0,25.0,38.0,0.0,0.0,0.0,N/a,0.0,0.0,N/a,N/a,0.0,0.0,0.0,0.0,4.0,0.0,0.0,0.0,2.0,N/a,N/a,0.0
Beto,Everton,gw GNB,FW,26.0,N/a,15,1534.0,17.0,8.0,0.0,8.0,8.0,0.0,0.0,2.0,0.0,0.47,0.0,0.47,0.47,0.47,30.0,N/a,N/a,N/a,N/a,N/a,N/a,N/a,N/a,N/a,N/a,N/a,N/a,N/a,N/a,N/a,17.0,8.0,49.0,23.0,46.9,2.87,1.35,0.16,0.35,0.0,0.0,0.0,33.0,23.0,16.0,4.0,4.0,7.0,N/a,N/a,0.0
Bilal El Khannouss,Leicester City,ma MAR,MF,20.0,N/a,27,2182.0,24.2,2.0,3.0,5.0,2.0,0.0,0.0,4.0,0.0,0.08,0.12,0.21,0.08,0.21,32.0,N/a,N/a,N/a,N/a,N/a,N/a,N/a,N/a,N/a,N/a,N/a,N/a,N/a,N/a,N/a,24.2,2.0,30.0,7.0,23.3,1.24,0.29,0.07,0.29,0.0,0.0,0.0,30.0,13.0,1.0,89.0,5.0,30.0,N/a,N/a,0.0
Boubacar Kamara,Aston Villa,fr FRA,"MF,DF",24.0,N/a,20,1726.0,19.2,1.0,0.0,1.0,1.0,0.0,0.0,2.0,0.0,0.05,0.0,0.05,0.05,0.05,26.0,N/a,N/a,N/a,N/a,N/a,N/a,N/a,N/a,N/a,N/a,N/a,N/a,N/a,N/a,N/a,19.2,1.0,10.0,3.0,30.0,0.52,0.16,0.1,0.33,0.0,0.0,0.0,29.0,35.0,0.0,1.0,16.0,23.0,N/a,N/a,0.0
Boubakary Soumaré,Leicester City,fr FRA,MF,25.0,N/a,25,2171.0,24.1,0.0,0.0,0.0,0.0,0.0,0.0,8.0,0.0,0.0,0.0,0.0,0.0,0.0,31.0,N/a,N/a,N/a,N/a,N/a,N/a,N/a,N/a,N/a,N/a,N/a,N/a,N/a,N/a,N/a,24.1,0.0,7.0,0.0,0.0,0.29,0.0,0.0,N/a,0.0,0.0,0.0,24.0,23.0,0.0,10.0,27.0,19.0,N/a,N/a,0.0
Bruno Fernandes,Manchester United,pt POR,MF,29.0,36.0,35,3018.0,33.5,8.0,10.0,18.0,5.0,3.0,3.0,5.0,2.0,0.24,0.3,0.54,0.15,0.45,N/a,N/a,N/a,N/a,N/a,N/a,N/a,N/a,N/a,N/a,N/a,N/a,N/a,N/a,N/a,N/a,33.5,8.0,96.0,29.0,30.2,2.86,0.86,0.05,0.17,3.0,3.0,1.0,32.0,40.0,2.0,185.0,26.0,52.0,N/a,N/a,0.0
Bruno Guimarães,Newcastle United,br BRA,MF,26.0,38.0,38,3271.0,36.3,5.0,6.0,11.0,5.0,0.0,0.0,7.0,0.0,0.14,0.17,0.3,0.14,0.3,N/a,N/a,N/a,N/a,N/a,N/a,N/a,N/a,N/a,N/a,N/a,N/a,N/a,N/a,N/a,N/a,36.3,5.0,45.0,15.0,33.3,1.24,0.41,0.11,0.33,0.0,0.0,0.0,65.0,107.0,2.0,29.0,28.0,47.0,N/a,N/a,0.0
Bryan Mbeumo,Brentford,cm CMR,"MF,FW",24.0,38.0,38,3414.0,37.9,20.0,7.0,27.0,15.0,5.0,6.0,3.0,0.0,0.53,0.18,0.71,0.4,0.58,N/a,N/a,N/a,N/a,N/a,N/a,N/a,N/a,N/a,N/a,N/a,N/a,N/a,N/a,N/a,N/a,37.9,20.0,85.0,41.0,48.2,2.24,1.08,0.18,0.37,5.0,6.0,0.0,25.0,44.0,11.0,200.0,11.0,30.0,N/a,N/a,0.0
Bukayo Saka,Arsenal,eng ENG,"FW,MF",22.0,25.0,20,1729.0,19.2,6.0,10.0,16.0,5.0,1.0,1.0,3.0,0.0,0.31,0.52,0.83,0.26,0.78,N/a,N/a,N/a,N/a,N/a,N/a,N/a,N/a,N/a,N/a,N/a,N/a,N/a,N/a,N/a,N/a,19.2,6.0,67.0,23.0,34.3,3.49,1.2,0.07,0.22,1.0,1.0,0.0,15.0,39.0,7.0,115.0,3.0,15.0,N/a,N/a,0.0
Caleb Okoli,Leicester City,it ITA,DF,23.0,N/a,12,1125.0,12.5,1.0,0.0,1.0,1.0,0.0,0.0,4.0,0.0,0.08,0.0,0.08,0.08,0.08,19.0,N/a,N/a,N/a,N/a,N/a,N/a,N/a,N/a,N/a,N/a,N/a,N/a,N/a,N/a,N/a,12.5,1.0,4.0,2.0,50.0,0.32,0.16,0.25,0.5,0.0,0.0,0.0,16.0,9.0,0.0,1.0,15.0,14.0,N/a,N/a,0.0
Callum Hudson-Odoi,Nottingham Forest,eng ENG,MF,23.0,31.0,25,2194.0,24.4,5.0,2.0,7.0,5.0,0.0,0.0,2.0,0.0,0.21,0.08,0.29,0.21,0.29,N/a,N/a,N/a,N/a,N/a,N/a,N/a,N/a,N/a,N/a,N/a,N/a,N/a,N/a,N/a,N/a,24.4,5.0,37.0,17.0,45.9,1.52,0.7,0.14,0.29,0.0,0.0,0.0,12.0,25.0,8.0,80.0,13.0,16.0,N/a,N/a,0.0
Calvin Bassey,Fulham,ng NGA,DF,24.0,N/a,34,3074.0,34.2,1.0,0.0,1.0,1.0,0.0,0.0,7.0,0.0,0.03,0.0,0.03,0.03,0.03,35.0,N/a,N/a,N/a,N/a,N/a,N/a,N/a,N/a,N/a,N/a,N/a,N/a,N/a,N/a,N/a,34.2,1.0,14.0,4.0,28.6,0.41,0.12,0.07,0.25,0.0,0.0,0.0,26.0,31.0,2.0,9.0,19.0,33.0,N/a,N/a,0.0
Cameron Archer,Southampton,eng ENG,FW,23.0,N/a,13,1441.0,16.0,2.0,0.0,2.0,2.0,0.0,1.0,0.0,0.0,0.12,0.0,0.12,0.12,0.12,35.0,N/a,N/a,N/a,N/a,N/a,N/a,N/a,N/a,N/a,N/a,N/a,N/a,N/a,N/a,N/a,16.0,2.0,29.0,11.0,37.9,1.81,0.69,0.07,0.18,0.0,1.0,0.0,16.0,13.0,8.0,4.0,1.0,9.0,N/a,N/a,0.0
Cameron Burgess,Ipswich Town,au AUS,DF,28.0,18.0,16,1541.0,17.1,0.0,2.0,2.0,0.0,0.0,0.0,0.0,0.0,0.0,0.12,0.12,0.0,0.12,N/a,N/a,N/a,N/a,N/a,N/a,N/a,N/a,N/a,N/a,N/a,N/a,N/a,N/a,N/a,N/a,17.1,0.0,10.0,3.0,30.0,0.58,0.18,0.0,0.0,0.0,0.0,0.0,6.0,4.0,1.0,0.0,10.0,13.0,N/a,N/a,0.0
Carlos Baleba,Brighton & Hove Albion,cm CMR,MF,20.0,34.0,31,2661.0,29.6,3.0,1.0,4.0,3.0,0.0,0.0,8.0,1.0,0.1,0.03,0.14,0.1,0.14,N/a,N/a,N/a,N/a,N/a,N/a,N/a,N/a,N/a,N/a,N/a,N/a,N/a,N/a,N/a,N/a,29.6,3.0,44.0,11.0,25.0,1.49,0.37,0.07,0.27,0.0,0.0,1.0,39.0,47.0,0.0,9.0,49.0,44.0,N/a,N/a,0.0
Carlos Soler,West Ham United,es ESP,MF,27.0,31.0,14,1409.0,15.7,1.0,1.0,2.0,1.0,0.0,0.0,6.0,0.0,0.06,0.06,0.13,0.06,0.13,N/a,N/a,N/a,N/a,N/a,N/a,N/a,N/a,N/a,N/a,N/a,N/a,N/a,N/a,N/a,N/a,15.7,1.0,25.0,9.0,36.0,1.6,0.57,0.04,0.11,0.0,0.0,0.0,26.0,19.0,0.0,35.0,8.0,11.0,N/a,N/a,0.0
Casemiro,Manchester United,br BRA,MF,32.0,24.0,18,1494.0,16.6,1.0,0.0,1.0,1.0,0.0,0.0,5.0,0.0,0.06,0.0,0.06,0.06,0.06,N/a,N/a,N/a,N/a,N/a,N/a,N/a,N/a,N/a,N/a,N/a,N/a,N/a,N/a,N/a,N/a,16.6,1.0,32.0,10.0,31.3,1.93,0.6,0.03,0.1,0.0,0.0,0.0,20.0,19.0,3.0,20.0,15.0,52.0,N/a,N/a,0.0
Chris Richards,Crystal Palace,us USA,DF,24.0,24.0,22,1922.0,21.4,1.0,0.0,1.0,1.0,0.0,0.0,4.0,1.0,0.05,0.0,0.05,0.05,0.05,N/a,N/a,N/a,N/a,N/a,N/a,N/a,N/a,N/a,N/a,N/a,N/a,N/a,N/a,N/a,N/a,21.4,1.0,12.0,6.0,50.0,0.56,0.28,0.08,0.17,0.0,0.0,1.0,11.0,5.0,1.0,5.0,18.0,30.0,N/a,N/a,0.0
Chris Wood,Nottingham Forest,nz NZL,FW,32.0,36.0,35,2959.0,32.9,20.0,3.0,23.0,17.0,3.0,3.0,1.0,0.0,0.61,0.09,0.7,0.52,0.61,N/a,N/a,N/a,N/a,N/a,N/a,N/a,N/a,N/a,N/a,N/a,N/a,N/a,N/a,N/a,N/a,32.9,20.0,68.0,35.0,51.5,2.07,1.06,0.25,0.49,3.0,3.0,0.0,25.0,24.0,28.0,1.0,6.0,5.0,N/a,N/a,0.0
Christian Eriksen,Manchester United,dk DEN,MF,32.0,23.0,11,1061.0,11.8,1.0,2.0,3.0,0.0,1.0,1.0,4.0,0.0,0.08,0.17,0.25,0.0,0.17,N/a,N/a,N/a,N/a,N/a,N/a,N/a,N/a,N/a,N/a,N/a,N/a,N/a,N/a,N/a,N/a,11.8,1.0,15.0,2.0,13.3,1.27,0.17,0.0,0.0,1.0,1.0,0.0,8.0,3.0,0.0,84.0,7.0,8.0,N/a,N/a,0.0
Christian Nørgaard,Brentford,dk DEN,MF,30.0,34.0,34,2819.0,31.3,5.0,4.0,9.0,5.0,0.0,0.0,8.0,1.0,0.16,0.13,0.29,0.16,0.29,N/a,N/a,N/a,N/a,N/a,N/a,N/a,N/a,N/a,N/a,N/a,N/a,N/a,N/a,N/a,N/a,31.3,5.0,39.0,16.0,41.0,1.25,0.51,0.13,0.31,0.0,0.0,0.0,44.0,28.0,1.0,18.0,46.0,47.0,N/a,N/a,0.0
Christopher Nkunku,Chelsea,fr FRA,"MF,FW",26.0,27.0,9,921.0,10.2,3.0,2.0,5.0,3.0,0.0,0.0,2.0,0.0,0.29,0.2,0.49,0.29,0.49,N/a,N/a,N/a,N/a,N/a,N/a,N/a,N/a,N/a,N/a,N/a,N/a,N/a,N/a,N/a,N/a,10.2,3.0,25.0,12.0,48.0,2.44,1.17,0.12,0.25,0.0,0.0,0.0,16.0,11.0,3.0,6.0,7.0,8.0,N/a,N/a,0.0
Cody Gakpo,Liverpool,nl NED,MF,25.0,35.0,23,1935.0,21.5,10.0,4.0,14.0,10.0,0.0,0.0,5.0,0.0,0.47,0.19,0.65,0.47,0.65,N/a,N/a,N/a,N/a,N/a,N/a,N/a,N/a,N/a,N/a,N/a,N/a,N/a,N/a,N/a,N/a,21.5,10.0,57.0,23.0,40.4,2.65,1.07,0.18,0.43,0.0,0.0,0.0,20.0,31.0,5.0,73.0,12.0,17.0,N/a,N/a,0.0
Cole Palmer,Chelsea,eng ENG,MF,22.0,37.0,36,3191.0,35.5,15.0,8.0,23.0,11.0,4.0,5.0,7.0,0.0,0.42,0.23,0.65,0.31,0.54,N/a,N/a,N/a,N/a,N/a,N/a,N/a,N/a,N/a,N/a,N/a,N/a,N/a,N/a,N/a,N/a,35.5,15.0,126.0,51.0,40.5,3.55,1.44,0.09,0.22,4.0,5.0,0.0,15.0,60.0,7.0,145.0,10.0,18.0,N/a,N/a,0.0
Conor Coady,Leicester City,eng ENG,DF,31.0,N/a,19,1714.0,19.0,1.0,0.0,1.0,1.0,0.0,0.0,3.0,0.0,0.05,0.0,0.05,0.05,0.05,22.0,N/a,N/a,N/a,N/a,N/a,N/a,N/a,N/a,N/a,N/a,N/a,N/a,N/a,N/a,N/a,19.0,1.0,2.0,2.0,100.0,0.11,0.11,0.5,0.5,0.0,0.0,0.0,8.0,3.0,1.0,0.0,12.0,9.0,N/a,N/a,0.0
Craig Dawson,Wolverhampton Wanderers,eng ENG,DF,34.0,15.0,10,971.0,10.8,0.0,0.0,0.0,0.0,0.0,0.0,2.0,0.0,0.0,0.0,0.0,0.0,0.0,N/a,N/a,N/a,N/a,N/a,N/a,N/a,N/a,N/a,N/a,N/a,N/a,N/a,N/a,N/a,N/a,10.8,0.0,5.0,1.0,20.0,0.46,0.09,0.0,0.0,0.0,0.0,0.0,6.0,5.0,2.0,0.0,10.0,4.0,N/a,N/a,2.0
Curtis Jones,Liverpool,eng ENG,"MF,DF",23.0,33.0,19,1712.0,19.0,3.0,3.0,6.0,3.0,0.0,0.0,3.0,1.0,0.16,0.16,0.32,0.16,0.32,N/a,N/a,N/a,N/a,N/a,N/a,N/a,N/a,N/a,N/a,N/a,N/a,N/a,N/a,N/a,N/a,19.0,3.0,34.0,13.0,38.2,1.79,0.68,0.09,0.23,0.0,0.0,1.0,18.0,25.0,1.0,8.0,7.0,22.0,N/a,N/a,0.0
Daichi Kamada,Crystal Palace,jp JPN,MF,27.0,34.0,15,1564.0,17.4,0.0,0.0,0.0,0.0,0.0,0.0,4.0,1.0,0.0,0.0,0.0,0.0,0.0,N/a,N/a,N/a,N/a,N/a,N/a,N/a,N/a,N/a,N/a,N/a,N/a,N/a,N/a,N/a,N/a,17.4,0.0,20.0,4.0,20.0,1.15,0.23,0.0,0.0,0.0,0.0,0.0,28.0,21.0,2.0,32.0,18.0,29.0,N/a,N/a,0.0
Dan Burn,Newcastle United,eng ENG,DF,32.0,37.0,37,3330.0,37.0,1.0,1.0,2.0,1.0,0.0,0.0,11.0,0.0,0.03,0.03,0.05,0.03,0.05,N/a,N/a,N/a,N/a,N/a,N/a,N/a,N/a,N/a,N/a,N/a,N/a,N/a,N/a,N/a,N/a,37.0,1.0,22.0,6.0,27.3,0.59,0.16,0.05,0.17,0.0,0.0,0.0,34.0,12.0,5.0,3.0,27.0,25.0,N/a,N/a,2.0
Dango Ouattara,Bournemouth,bf BFA,"MF,FW",22.0,N/a,21,2005.0,22.3,7.0,4.0,11.0,7.0,0.0,0.0,3.0,0.0,0.31,0.18,0.49,0.31,0.49,32.0,N/a,N/a,N/a,N/a,N/a,N/a,N/a,N/a,N/a,N/a,N/a,N/a,N/a,N/a,N/a,22.3,7.0,62.0,20.0,32.3,2.78,0.9,0.11,0.35,0.0,0.0,0.0,16.0,19.0,13.0,88.0,11.0,26.0,N/a,N/a,0.0
Daniel Muñoz,Crystal Palace,co COL,MF,28.0,37.0,37,3228.0,35.9,4.0,5.0,9.0,4.0,0.0,0.0,10.0,0.0,0.11,0.14,0.25,0.11,0.25,N/a,N/a,N/a,N/a,N/a,N/a,N/a,N/a,N/a,N/a,N/a,N/a,N/a,N/a,N/a,N/a,35.9,4.0,37.0,18.0,48.6,1.03,0.5,0.11,0.22,0.0,0.0,0.0,56.0,19.0,15.0,74.0,43.0,77.0,N/a,N/a,0.0
Danny Welbeck,Brighton & Hove Albion,eng ENG,FW,33.0,30.0,24,2115.0,23.5,10.0,4.0,14.0,9.0,1.0,1.0,5.0,0.0,0.43,0.17,0.6,0.38,0.55,N/a,N/a,N/a,N/a,N/a,N/a,N/a,N/a,N/a,N/a,N/a,N/a,N/a,N/a,N/a,N/a,23.5,10.0,60.0,24.0,40.0,2.55,1.02,0.15,0.38,1.0,1.0,0.0,11.0,23.0,4.0,3.0,5.0,16.0,N/a,N/a,0.0
Dara O'Shea,Ipswich Town,ie IRL,DF,25.0,35.0,35,3122.0,34.7,0.0,2.0,2.0,0.0,0.0,0.0,6.0,0.0,0.0,0.06,0.06,0.0,0.06,N/a,N/a,N/a,N/a,N/a,N/a,N/a,N/a,N/a,N/a,N/a,N/a,N/a,N/a,N/a,N/a,34.7,0.0,22.0,2.0,9.1,0.63,0.06,0.0,0.0,0.0,0.0,0.0,21.0,25.0,3.0,8.0,33.0,30.0,N/a,N/a,0.0
Darwin Núñez,Liverpool,uy URU,FW,25.0,30.0,8,1133.0,12.6,5.0,2.0,7.0,5.0,0.0,0.0,8.0,0.0,0.4,0.16,0.56,0.4,0.56,N/a,N/a,N/a,N/a,N/a,N/a,N/a,N/a,N/a,N/a,N/a,N/a,N/a,N/a,N/a,N/a,12.6,5.0,34.0,13.0,38.2,2.7,1.03,0.15,0.38,0.0,0.0,0.0,27.0,14.0,12.0,3.0,4.0,18.0,N/a,N/a,0.0
David Brooks,Bournemouth,wls WAL,MF,27.0,N/a,9,960.0,10.7,2.0,0.0,2.0,2.0,0.0,0.0,3.0,0.0,0.19,0.0,0.19,0.19,0.19,29.0,N/a,N/a,N/a,N/a,N/a,N/a,N/a,N/a,N/a,N/a,N/a,N/a,N/a,N/a,N/a,10.7,2.0,25.0,12.0,48.0,2.34,1.13,0.08,0.17,0.0,0.0,0.0,11.0,18.0,0.0,51.0,5.0,6.0,N/a,N/a,0.0
David Raya,Arsenal,es ESP,GK,28.0,38.0,38,3420.0,38.0,0.0,0.0,0.0,0.0,0.0,0.0,3.0,0.0,0.0,0.0,0.0,0.0,0.0,38.0,34.0,0.89,117.0,86.0,73.5,20.0,14.0,4.0,13.0,34.2,3.0,3.0,0.0,0.0,0.0,38.0,0.0,0.0,0.0,N/a,0.0,0.0,N/a,N/a,0.0,0.0,0.0,1.0,10.0,0.0,0.0,0.0,0.0,N/a,N/a,0.0
Dean Henderson,Crystal Palace,eng ENG,GK,27.0,38.0,38,3420.0,38.0,0.0,0.0,0.0,0.0,0.0,0.0,3.0,0.0,0.0,0.0,0.0,0.0,0.0,38.0,51.0,1.34,152.0,102.0,67.1,13.0,14.0,11.0,11.0,28.9,2.0,1.0,1.0,0.0,50.0,38.0,0.0,1.0,0.0,0.0,0.03,0.0,0.0,N/a,0.0,0.0,0.0,0.0,2.0,0.0,0.0,1.0,1.0,N/a,N/a,0.0
Dean Huijsen,Bournemouth,es ESP,DF,19.0,N/a,26,2427.0,27.0,3.0,2.0,5.0,3.0,0.0,0.0,10.0,0.0,0.11,0.07,0.19,0.11,0.19,32.0,N/a,N/a,N/a,N/a,N/a,N/a,N/a,N/a,N/a,N/a,N/a,N/a,N/a,N/a,N/a,27.0,3.0,18.0,4.0,22.2,0.67,0.15,0.17,0.75,0.0,0.0,0.0,31.0,10.0,2.0,13.0,48.0,27.0,N/a,N/a,0.0
Declan Rice,Arsenal,eng ENG,MF,25.0,35.0,33,2825.0,31.4,4.0,7.0,11.0,4.0,0.0,0.0,7.0,1.0,0.13,0.22,0.35,0.13,0.35,N/a,N/a,N/a,N/a,N/a,N/a,N/a,N/a,N/a,N/a,N/a,N/a,N/a,N/a,N/a,N/a,31.4,4.0,48.0,15.0,31.3,1.53,0.48,0.08,0.27,0.0,0.0,1.0,21.0,16.0,2.0,161.0,27.0,23.0,N/a,N/a,0.0
Diogo Dalot,Manchester United,pt POR,"MF,DF",25.0,33.0,31,2814.0,31.3,0.0,3.0,3.0,0.0,0.0,0.0,5.0,0.0,0.0,0.1,0.1,0.0,0.1,N/a,N/a,N/a,N/a,N/a,N/a,N/a,N/a,N/a,N/a,N/a,N/a,N/a,N/a,N/a,N/a,31.3,0.0,24.0,5.0,20.8,0.77,0.16,0.0,0.0,0.0,0.0,0.0,40.0,9.0,4.0,64.0,35.0,38.0,N/a,N/a,0.0
Diogo Jota,Liverpool,pt POR,FW,27.0,26.0,14,1196.0,13.3,6.0,3.0,9.0,6.0,0.0,0.0,2.0,0.0,0.45,0.23,0.68,0.45,0.68,N/a,N/a,N/a,N/a,N/a,N/a,N/a,N/a,N/a,N/a,N/a,N/a,N/a,N/a,N/a,N/a,13.3,6.0,51.0,13.0,25.5,3.84,0.98,0.12,0.46,0.0,0.0,0.0,23.0,14.0,1.0,8.0,8.0,9.0,N/a,N/a,0.0
Dominic Calvert-Lewin,Everton,eng ENG,FW,27.0,N/a,19,1609.0,17.9,3.0,1.0,4.0,3.0,0.0,0.0,2.0,0.0,0.17,0.06,0.22,0.17,0.22,26.0,N/a,N/a,N/a,N/a,N/a,N/a,N/a,N/a,N/a,N/a,N/a,N/a,N/a,N/a,N/a,17.9,3.0,50.0,20.0,40.0,2.8,1.12,0.06,0.15,0.0,0.0,0.0,27.0,23.0,27.0,6.0,7.0,7.0,N/a,N/a,0.0
Dominik Szoboszlai,Liverpool,hu HUN,MF,23.0,36.0,29,2491.0,27.7,6.0,6.0,12.0,6.0,0.0,0.0,6.0,0.0,0.22,0.22,0.43,0.22,0.43,N/a,N/a,N/a,N/a,N/a,N/a,N/a,N/a,N/a,N/a,N/a,N/a,N/a,N/a,N/a,N/a,27.7,6.0,67.0,23.0,34.3,2.42,0.83,0.09,0.26,0.0,0.0,0.0,44.0,24.0,4.0,40.0,9.0,23.0,N/a,N/a,0.0
Dwight McNeil,Everton,eng ENG,MF,24.0,N/a,15,1371.0,15.2,4.0,6.0,10.0,4.0,0.0,0.0,1.0,0.0,0.26,0.39,0.66,0.26,0.66,21.0,N/a,N/a,N/a,N/a,N/a,N/a,N/a,N/a,N/a,N/a,N/a,N/a,N/a,N/a,N/a,15.2,4.0,24.0,10.0,41.7,1.58,0.66,0.17,0.4,0.0,0.0,0.0,6.0,18.0,1.0,104.0,6.0,8.0,N/a,N/a,0.0
Eberechi Eze,Crystal Palace,eng ENG,MF,26.0,34.0,31,2588.0,28.8,8.0,8.0,16.0,7.0,1.0,2.0,1.0,0.0,0.28,0.28,0.56,0.24,0.52,N/a,N/a,N/a,N/a,N/a,N/a,N/a,N/a,N/a,N/a,N/a,N/a,N/a,N/a,N/a,N/a,28.8,8.0,102.0,29.0,28.4,3.55,1.01,0.07,0.24,1.0,2.0,0.0,13.0,51.0,9.0,110.0,10.0,21.0,N/a,N/a,0.0
Eddie Nketiah,Crystal Palace,eng ENG,"FW,MF",25.0,29.0,9,1034.0,11.5,3.0,1.0,4.0,3.0,0.0,0.0,6.0,1.0,0.26,0.09,0.35,0.26,0.35,N/a,N/a,N/a,N/a,N/a,N/a,N/a,N/a,N/a,N/a,N/a,N/a,N/a,N/a,N/a,N/a,11.5,3.0,43.0,16.0,37.2,3.74,1.39,0.07,0.19,0.0,0.0,1.0,31.0,29.0,5.0,5.0,2.0,8.0,N/a,N/a,0.0
Ederson,Manchester City,br BRA,GK,30.0,26.0,26,2320.0,25.8,0.0,4.0,4.0,0.0,0.0,0.0,4.0,0.0,0.0,0.16,0.16,0.0,0.16,26.0,26.0,1.01,78.0,54.0,69.2,16.0,4.0,6.0,10.0,38.5,2.0,2.0,0.0,0.0,0.0,25.8,0.0,0.0,0.0,N/a,0.0,0.0,N/a,N/a,0.0,0.0,0.0,1.0,0.0,0.0,0.0,1.0,0.0,N/a,N/a,0.0
Edson Álvarez,West Ham United,mx MEX,MF,26.0,28.0,20,1772.0,19.7,0.0,1.0,1.0,0.0,0.0,0.0,9.0,1.0,0.0,0.05,0.05,0.0,0.05,N/a,N/a,N/a,N/a,N/a,N/a,N/a,N/a,N/a,N/a,N/a,N/a,N/a,N/a,N/a,N/a,19.7,0.0,12.0,1.0,8.3,0.61,0.05,0.0,0.0,0.0,0.0,1.0,42.0,18.0,4.0,7.0,18.0,26.0,N/a,N/a,0.0
Elliot Anderson,Nottingham Forest,eng ENG,MF,21.0,37.0,33,2728.0,30.3,2.0,6.0,8.0,2.0,0.0,0.0,10.0,0.0,0.07,0.2,0.26,0.07,0.26,N/a,N/a,N/a,N/a,N/a,N/a,N/a,N/a,N/a,N/a,N/a,N/a,N/a,N/a,N/a,N/a,30.3,2.0,40.0,7.0,17.5,1.32,0.23,0.05,0.29,0.0,0.0,0.0,47.0,57.0,4.0,86.0,29.0,55.0,N/a,N/a,0.0
Emerson Palmieri,West Ham United,it ITA,"DF,MF",29.0,31.0,26,2113.0,23.5,2.0,1.0,3.0,2.0,0.0,0.0,5.0,0.0,0.09,0.04,0.13,0.09,0.13,N/a,N/a,N/a,N/a,N/a,N/a,N/a,N/a,N/a,N/a,N/a,N/a,N/a,N/a,N/a,N/a,23.5,2.0,16.0,7.0,43.8,0.68,0.3,0.13,0.29,0.0,0.0,0.0,25.0,13.0,0.0,62.0,22.0,31.0,N/a,N/a,0.0
Emile Smith Rowe,Fulham,eng ENG,MF,24.0,N/a,25,2043.0,22.7,6.0,3.0,9.0,6.0,0.0,0.0,3.0,0.0,0.26,0.13,0.4,0.26,0.4,34.0,N/a,N/a,N/a,N/a,N/a,N/a,N/a,N/a,N/a,N/a,N/a,N/a,N/a,N/a,N/a,22.7,6.0,37.0,11.0,29.7,1.63,0.48,0.16,0.55,0.0,0.0,0.0,19.0,15.0,4.0,16.0,11.0,18.0,N/a,N/a,0.0
Emiliano Martínez,Aston Villa,ar ARG,GK,31.0,N/a,37,3194.0,35.5,0.0,0.0,0.0,0.0,0.0,0.0,5.0,1.0,0.0,0.0,0.0,0.0,0.0,37.0,47.0,1.32,144.0,99.0,68.1,18.0,9.0,10.0,8.0,21.6,2.0,1.0,1.0,0.0,50.0,35.5,0.0,0.0,0.0,N/a,0.0,0.0,N/a,N/a,0.0,0.0,0.0,2.0,5.0,0.0,0.0,0.0,3.0,N/a,N/a,0.0
Emmanuel Agbadou,Wolverhampton Wanderers,ci CIV,DF,27.0,16.0,16,1410.0,15.7,1.0,0.0,1.0,1.0,0.0,0.0,3.0,0.0,0.06,0.0,0.06,0.06,0.06,N/a,N/a,N/a,N/a,N/a,N/a,N/a,N/a,N/a,N/a,N/a,N/a,N/a,N/a,N/a,N/a,15.7,1.0,7.0,2.0,28.6,0.45,0.13,0.14,0.5,0.0,0.0,0.0,8.0,4.0,1.0,2.0,12.0,19.0,N/a,N/a,0.0
Enzo Fernández,Chelsea,ar ARG,MF,23.0,36.0,32,2947.0,32.7,6.0,7.0,13.0,6.0,0.0,0.0,8.0,0.0,0.18,0.21,0.4,0.18,0.4,N/a,N/a,N/a,N/a,N/a,N/a,N/a,N/a,N/a,N/a,N/a,N/a,N/a,N/a,N/a,N/a,32.7,6.0,53.0,20.0,37.7,1.62,0.61,0.11,0.3,0.0,0.0,0.0,52.0,54.0,2.0,111.0,13.0,32.0,N/a,N/a,0.0
Erling Haaland,Manchester City,no NOR,FW,24.0,31.0,31,2736.0,30.4,22.0,3.0,25.0,19.0,3.0,4.0,2.0,0.0,0.72,0.1,0.82,0.62,0.72,N/a,N/a,N/a,N/a,N/a,N/a,N/a,N/a,N/a,N/a,N/a,N/a,N/a,N/a,N/a,N/a,30.4,22.0,109.0,60.0,55.0,3.59,1.97,0.17,0.32,3.0,4.0,0.0,24.0,13.0,4.0,3.0,5.0,6.0,N/a,N/a,0.0
Ethan Pinnock,Brentford,jm JAM,DF,31.0,22.0,21,1913.0,21.3,2.0,0.0,2.0,2.0,0.0,0.0,2.0,0.0,0.09,0.0,0.09,0.09,0.09,N/a,N/a,N/a,N/a,N/a,N/a,N/a,N/a,N/a,N/a,N/a,N/a,N/a,N/a,N/a,N/a,21.3,2.0,10.0,6.0,60.0,0.47,0.28,0.2,0.33,0.0,0.0,0.0,8.0,4.0,0.0,9.0,23.0,15.0,N/a,N/a,1.0
Evanilson,Bournemouth,br BRA,FW,24.0,N/a,28,2319.0,25.8,10.0,1.0,11.0,10.0,0.0,1.0,1.0,1.0,0.39,0.04,0.43,0.39,0.43,31.0,N/a,N/a,N/a,N/a,N/a,N/a,N/a,N/a,N/a,N/a,N/a,N/a,N/a,N/a,N/a,25.8,10.0,73.0,32.0,43.8,2.83,1.24,0.14,0.31,0.0,1.0,0.0,37.0,53.0,20.0,1.0,2.0,9.0,N/a,N/a,0.0
Ezri Konsa,Aston Villa,eng ENG,DF,26.0,N/a,33,2936.0,32.6,2.0,0.0,2.0,2.0,0.0,0.0,1.0,0.0,0.06,0.0,0.06,0.06,0.06,34.0,N/a,N/a,N/a,N/a,N/a,N/a,N/a,N/a,N/a,N/a,N/a,N/a,N/a,N/a,N/a,32.6,2.0,11.0,5.0,45.5,0.34,0.15,0.18,0.4,0.0,0.0,0.0,9.0,47.0,1.0,5.0,24.0,20.0,N/a,N/a,0.0
Fabian Schär,Newcastle United,ch SUI,DF,32.0,34.0,33,2934.0,32.6,4.0,0.0,4.0,4.0,0.0,0.0,9.0,1.0,0.12,0.0,0.12,0.12,0.12,N/a,N/a,N/a,N/a,N/a,N/a,N/a,N/a,N/a,N/a,N/a,N/a,N/a,N/a,N/a,N/a,32.6,4.0,40.0,11.0,27.5,1.23,0.34,0.1,0.36,0.0,0.0,0.0,35.0,16.0,4.0,12.0,43.0,20.0,N/a,N/a,0.0
Facundo Buonanotte,Leicester City,ar ARG,"MF,FW",19.0,N/a,14,1523.0,16.9,5.0,2.0,7.0,5.0,0.0,0.0,8.0,0.0,0.3,0.12,0.41,0.3,0.41,31.0,N/a,N/a,N/a,N/a,N/a,N/a,N/a,N/a,N/a,N/a,N/a,N/a,N/a,N/a,N/a,16.9,5.0,36.0,12.0,33.3,2.13,0.71,0.14,0.42,0.0,0.0,0.0,36.0,35.0,3.0,43.0,13.0,33.0,N/a,N/a,0.0
Flynn Downes,Southampton,eng ENG,MF,25.0,N/a,25,2151.0,23.9,1.0,0.0,1.0,1.0,0.0,0.0,12.0,0.0,0.04,0.0,0.04,0.04,0.04,27.0,N/a,N/a,N/a,N/a,N/a,N/a,N/a,N/a,N/a,N/a,N/a,N/a,N/a,N/a,N/a,23.9,1.0,10.0,3.0,30.0,0.42,0.13,0.1,0.33,0.0,0.0,0.0,50.0,39.0,0.0,4.0,31.0,27.0,N/a,N/a,0.0
Gabriel Magalhães,Arsenal,br BRA,DF,26.0,28.0,28,2363.0,26.3,3.0,1.0,4.0,3.0,0.0,0.0,4.0,0.0,0.11,0.04,0.15,0.11,0.15,N/a,N/a,N/a,N/a,N/a,N/a,N/a,N/a,N/a,N/a,N/a,N/a,N/a,N/a,N/a,N/a,26.3,3.0,22.0,5.0,22.7,0.84,0.19,0.14,0.6,0.0,0.0,0.0,19.0,19.0,0.0,9.0,16.0,15.0,N/a,N/a,0.0
Gabriel Martinelli,Arsenal,br BRA,"FW,MF",23.0,33.0,25,2290.0,25.4,8.0,4.0,12.0,8.0,0.0,0.0,1.0,0.0,0.31,0.16,0.47,0.31,0.47,N/a,N/a,N/a,N/a,N/a,N/a,N/a,N/a,N/a,N/a,N/a,N/a,N/a,N/a,N/a,N/a,25.4,8.0,56.0,25.0,44.6,2.2,0.98,0.14,0.32,0.0,0.0,0.0,16.0,21.0,8.0,90.0,4.0,15.0,N/a,N/a,0.0
Georginio Rutter,Brighton & Hove Albion,fr FRA,"MF,FW",22.0,28.0,19,1656.0,18.4,5.0,3.0,8.0,5.0,0.0,0.0,2.0,0.0,0.27,0.16,0.43,0.27,0.43,N/a,N/a,N/a,N/a,N/a,N/a,N/a,N/a,N/a,N/a,N/a,N/a,N/a,N/a,N/a,N/a,18.4,5.0,50.0,12.0,24.0,2.72,0.65,0.1,0.42,0.0,0.0,0.0,34.0,45.0,7.0,9.0,11.0,14.0,N/a,N/a,0.0
Gonçalo Guedes,Wolverhampton Wanderers,pt POR,"MF,FW",27.0,29.0,10,995.0,11.1,2.0,4.0,6.0,2.0,0.0,0.0,1.0,0.0,0.18,0.36,0.54,0.18,0.54,N/a,N/a,N/a,N/a,N/a,N/a,N/a,N/a,N/a,N/a,N/a,N/a,N/a,N/a,N/a,N/a,11.1,2.0,27.0,8.0,29.6,2.44,0.72,0.07,0.25,0.0,0.0,0.0,14.0,17.0,3.0,22.0,3.0,6.0,N/a,N/a,0.0
Guido Rodríguez,West Ham United,ar ARG,MF,30.0,23.0,16,1149.0,12.8,0.0,1.0,1.0,0.0,0.0,0.0,6.0,0.0,0.0,0.08,0.08,0.0,0.08,N/a,N/a,N/a,N/a,N/a,N/a,N/a,N/a,N/a,N/a,N/a,N/a,N/a,N/a,N/a,N/a,12.8,0.0,8.0,1.0,12.5,0.63,0.08,0.0,0.0,0.0,0.0,0.0,18.0,12.0,2.0,5.0,13.0,21.0,N/a,N/a,0.0
Harry Maguire,Manchester United,eng ENG,DF,31.0,27.0,19,1758.0,19.5,1.0,0.0,1.0,1.0,0.0,0.0,7.0,0.0,0.05,0.0,0.05,0.05,0.05,N/a,N/a,N/a,N/a,N/a,N/a,N/a,N/a,N/a,N/a,N/a,N/a,N/a,N/a,N/a,N/a,19.5,1.0,15.0,7.0,46.7,0.77,0.36,0.07,0.14,0.0,0.0,0.0,18.0,11.0,3.0,3.0,37.0,16.0,N/a,N/a,0.0
Harry Wilson,Fulham,wls WAL,"MF,FW",27.0,N/a,12,1162.0,12.9,6.0,1.0,7.0,6.0,0.0,0.0,2.0,0.0,0.46,0.08,0.54,0.46,0.54,25.0,N/a,N/a,N/a,N/a,N/a,N/a,N/a,N/a,N/a,N/a,N/a,N/a,N/a,N/a,N/a,12.9,6.0,43.0,17.0,39.5,3.33,1.32,0.14,0.35,0.0,0.0,0.0,12.0,22.0,1.0,41.0,6.0,15.0,N/a,N/a,0.0
Harry Winks,Leicester City,eng ENG,MF,28.0,N/a,17,1538.0,17.1,0.0,2.0,2.0,0.0,0.0,0.0,4.0,0.0,0.0,0.12,0.12,0.0,0.12,22.0,N/a,N/a,N/a,N/a,N/a,N/a,N/a,N/a,N/a,N/a,N/a,N/a,N/a,N/a,N/a,17.1,0.0,10.0,4.0,40.0,0.59,0.23,0.0,0.0,0.0,0.0,0.0,9.0,13.0,0.0,33.0,8.0,10.0,N/a,N/a,0.0
Harvey Barnes,Newcastle United,eng ENG,"FW,MF",26.0,33.0,17,1755.0,19.5,9.0,4.0,13.0,9.0,0.0,0.0,0.0,0.0,0.46,0.21,0.67,0.46,0.67,N/a,N/a,N/a,N/a,N/a,N/a,N/a,N/a,N/a,N/a,N/a,N/a,N/a,N/a,N/a,N/a,19.5,9.0,63.0,21.0,33.3,3.23,1.08,0.14,0.43,0.0,0.0,0.0,15.0,23.0,5.0,47.0,6.0,9.0,N/a,N/a,0.0
Ian Maatsen,Aston Villa,nl NED,DF,22.0,N/a,10,1139.0,12.7,1.0,2.0,3.0,1.0,0.0,0.0,2.0,0.0,0.08,0.16,0.24,0.08,0.24,29.0,N/a,N/a,N/a,N/a,N/a,N/a,N/a,N/a,N/a,N/a,N/a,N/a,N/a,N/a,N/a,12.7,1.0,19.0,5.0,26.3,1.5,0.4,0.05,0.2,0.0,0.0,0.0,11.0,9.0,3.0,51.0,18.0,18.0,N/a,N/a,0.0
Ibrahima Konaté,Liverpool,fr FRA,DF,25.0,31.0,30,2560.0,28.4,1.0,2.0,3.0,1.0,0.0,0.0,5.0,0.0,0.04,0.07,0.11,0.04,0.11,N/a,N/a,N/a,N/a,N/a,N/a,N/a,N/a,N/a,N/a,N/a,N/a,N/a,N/a,N/a,N/a,28.4,1.0,19.0,4.0,21.1,0.67,0.14,0.05,0.25,0.0,0.0,0.0,27.0,20.0,0.0,0.0,19.0,28.0,N/a,N/a,0.0
Idrissa Gana Gueye,Everton,sn SEN,MF,34.0,N/a,35,3063.0,34.0,0.0,3.0,3.0,0.0,0.0,0.0,9.0,0.0,0.0,0.09,0.09,0.0,0.09,37.0,N/a,N/a,N/a,N/a,N/a,N/a,N/a,N/a,N/a,N/a,N/a,N/a,N/a,N/a,N/a,34.0,0.0,27.0,5.0,18.5,0.79,0.15,0.0,0.0,0.0,0.0,0.0,55.0,46.0,0.0,7.0,46.0,76.0,N/a,N/a,0.0
Igor,Brighton & Hove Albion,br BRA,DF,26.0,13.0,10,961.0,10.7,0.0,0.0,0.0,0.0,0.0,0.0,4.0,0.0,0.0,0.0,0.0,0.0,0.0,N/a,N/a,N/a,N/a,N/a,N/a,N/a,N/a,N/a,N/a,N/a,N/a,N/a,N/a,N/a,N/a,10.7,0.0,1.0,0.0,0.0,0.09,0.0,0.0,N/a,0.0,0.0,0.0,9.0,7.0,0.0,4.0,4.0,5.0,N/a,N/a,0.0
Iliman Ndiaye,Everton,sn SEN,"MF,FW",24.0,N/a,29,2430.0,27.0,9.0,0.0,9.0,7.0,2.0,2.0,3.0,0.0,0.33,0.0,0.33,0.26,0.26,33.0,N/a,N/a,N/a,N/a,N/a,N/a,N/a,N/a,N/a,N/a,N/a,N/a,N/a,N/a,N/a,27.0,9.0,37.0,17.0,45.9,1.37,0.63,0.19,0.41,2.0,2.0,0.0,24.0,52.0,5.0,37.0,19.0,27.0,N/a,N/a,0.0
Illia Zabarnyi,Bournemouth,ua UKR,DF,21.0,N/a,35,3109.0,34.5,0.0,1.0,1.0,0.0,0.0,0.0,4.0,1.0,0.0,0.03,0.03,0.0,0.03,36.0,N/a,N/a,N/a,N/a,N/a,N/a,N/a,N/a,N/a,N/a,N/a,N/a,N/a,N/a,N/a,34.5,0.0,12.0,1.0,8.3,0.35,0.03,0.0,0.0,0.0,0.0,0.0,20.0,7.0,0.0,6.0,39.0,35.0,N/a,N/a,0.0
Ismaila Sarr,Crystal Palace,sn SEN,MF,26.0,38.0,30,2711.0,30.1,8.0,6.0,14.0,8.0,0.0,0.0,4.0,0.0,0.27,0.2,0.46,0.27,0.46,N/a,N/a,N/a,N/a,N/a,N/a,N/a,N/a,N/a,N/a,N/a,N/a,N/a,N/a,N/a,N/a,30.1,8.0,59.0,29.0,49.2,1.96,0.96,0.14,0.28,0.0,0.0,0.0,14.0,55.0,11.0,55.0,8.0,11.0,N/a,N/a,0.0
Issa Diop,Fulham,fr FRA,DF,27.0,N/a,15,1339.0,14.9,0.0,0.0,0.0,0.0,0.0,0.0,2.0,0.0,0.0,0.0,0.0,0.0,0.0,21.0,N/a,N/a,N/a,N/a,N/a,N/a,N/a,N/a,N/a,N/a,N/a,N/a,N/a,N/a,N/a,14.9,0.0,5.0,2.0,40.0,0.34,0.13,0.0,0.0,0.0,0.0,0.0,10.0,4.0,0.0,1.0,9.0,12.0,N/a,N/a,1.0
Jack Clarke,Ipswich Town,eng ENG,MF,23.0,32.0,12,1181.0,13.1,0.0,4.0,4.0,0.0,0.0,0.0,2.0,0.0,0.0,0.3,0.3,0.0,0.3,N/a,N/a,N/a,N/a,N/a,N/a,N/a,N/a,N/a,N/a,N/a,N/a,N/a,N/a,N/a,N/a,13.1,0.0,17.0,2.0,11.8,1.3,0.15,0.0,0.0,0.0,0.0,0.0,16.0,23.0,3.0,14.0,7.0,18.0,N/a,N/a,0.0
Jack Harrison,Everton,eng ENG,"MF,FW",27.0,N/a,24,2076.0,23.1,1.0,0.0,1.0,1.0,0.0,0.0,0.0,0.0,0.04,0.0,0.04,0.04,0.04,34.0,N/a,N/a,N/a,N/a,N/a,N/a,N/a,N/a,N/a,N/a,N/a,N/a,N/a,N/a,N/a,23.1,1.0,29.0,7.0,24.1,1.26,0.3,0.03,0.14,0.0,0.0,0.0,13.0,28.0,4.0,131.0,9.0,23.0,N/a,N/a,0.0
Jack Hinshelwood,Brighton & Hove Albion,eng ENG,"MF,DF",19.0,26.0,22,1842.0,20.5,5.0,2.0,7.0,5.0,0.0,0.0,5.0,0.0,0.24,0.1,0.34,0.24,0.34,N/a,N/a,N/a,N/a,N/a,N/a,N/a,N/a,N/a,N/a,N/a,N/a,N/a,N/a,N/a,N/a,20.5,5.0,18.0,10.0,55.6,0.88,0.49,0.28,0.5,0.0,0.0,0.0,18.0,9.0,0.0,28.0,11.0,19.0,N/a,N/a,0.0
Jack Stephens,Southampton,eng ENG,DF,30.0,N/a,17,1389.0,15.4,1.0,0.0,1.0,1.0,0.0,0.0,2.0,2.0,0.06,0.0,0.06,0.06,0.06,19.0,N/a,N/a,N/a,N/a,N/a,N/a,N/a,N/a,N/a,N/a,N/a,N/a,N/a,N/a,N/a,15.4,1.0,4.0,2.0,50.0,0.26,0.13,0.25,0.5,0.0,0.0,0.0,13.0,4.0,1.0,1.0,12.0,20.0,N/a,N/a,0.0
Jacob Greaves,Ipswich Town,eng ENG,DF,23.0,25.0,25,2205.0,24.5,1.0,0.0,1.0,1.0,0.0,0.0,5.0,0.0,0.04,0.0,0.04,0.04,0.04,N/a,N/a,N/a,N/a,N/a,N/a,N/a,N/a,N/a,N/a,N/a,N/a,N/a,N/a,N/a,N/a,24.5,1.0,10.0,4.0,40.0,0.41,0.16,0.1,0.25,0.0,0.0,0.0,16.0,21.0,1.0,1.0,21.0,22.0,N/a,N/a,0.0
Jacob Murphy,Newcastle United,eng ENG,"FW,MF",29.0,35.0,31,2360.0,26.2,8.0,12.0,20.0,8.0,0.0,0.0,4.0,0.0,0.31,0.46,0.76,0.31,0.76,N/a,N/a,N/a,N/a,N/a,N/a,N/a,N/a,N/a,N/a,N/a,N/a,N/a,N/a,N/a,N/a,26.2,8.0,43.0,15.0,34.9,1.64,0.57,0.19,0.53,0.0,0.0,0.0,11.0,14.0,3.0,119.0,11.0,18.0,N/a,N/a,0.0
Jacob Ramsey,Aston Villa,eng ENG,MF,23.0,N/a,19,1623.0,18.0,1.0,3.0,4.0,1.0,0.0,0.0,4.0,1.0,0.06,0.17,0.22,0.06,0.22,29.0,N/a,N/a,N/a,N/a,N/a,N/a,N/a,N/a,N/a,N/a,N/a,N/a,N/a,N/a,N/a,18.0,1.0,19.0,4.0,21.1,1.05,0.22,0.05,0.25,0.0,0.0,1.0,13.0,28.0,5.0,11.0,8.0,15.0,N/a,N/a,0.0
Jadon Sancho,Chelsea,eng ENG,MF,24.0,31.0,19,1764.0,19.6,3.0,4.0,7.0,3.0,0.0,0.0,2.0,0.0,0.15,0.2,0.36,0.15,0.36,N/a,N/a,N/a,N/a,N/a,N/a,N/a,N/a,N/a,N/a,N/a,N/a,N/a,N/a,N/a,N/a,19.6,3.0,24.0,8.0,33.3,1.22,0.41,0.13,0.38,0.0,0.0,0.0,6.0,11.0,6.0,24.0,2.0,7.0,N/a,N/a,0.0
Jake O'Brien,Everton,ie IRL,DF,23.0,N/a,17,1571.0,17.5,2.0,0.0,2.0,2.0,0.0,0.0,5.0,0.0,0.11,0.0,0.11,0.11,0.11,20.0,N/a,N/a,N/a,N/a,N/a,N/a,N/a,N/a,N/a,N/a,N/a,N/a,N/a,N/a,N/a,17.5,2.0,6.0,3.0,50.0,0.34,0.17,0.33,0.67,0.0,0.0,0.0,13.0,4.0,3.0,18.0,4.0,17.0,N/a,N/a,0.0
Jakub Kiwior,Arsenal,pl POL,DF,24.0,17.0,10,1122.0,12.5,1.0,0.0,1.0,1.0,0.0,0.0,1.0,0.0,0.08,0.0,0.08,0.08,0.08,N/a,N/a,N/a,N/a,N/a,N/a,N/a,N/a,N/a,N/a,N/a,N/a,N/a,N/a,N/a,N/a,12.5,1.0,3.0,1.0,33.3,0.24,0.08,0.33,1.0,0.0,0.0,0.0,10.0,4.0,1.0,2.0,6.0,8.0,N/a,N/a,0.0
James Bree,Southampton,eng ENG,"DF,MF",26.0,N/a,13,1075.0,11.9,0.0,1.0,1.0,0.0,0.0,0.0,0.0,0.0,0.0,0.08,0.08,0.0,0.08,17.0,N/a,N/a,N/a,N/a,N/a,N/a,N/a,N/a,N/a,N/a,N/a,N/a,N/a,N/a,N/a,11.9,0.0,4.0,1.0,25.0,0.33,0.08,0.0,0.0,0.0,0.0,0.0,4.0,5.0,0.0,29.0,5.0,13.0,N/a,N/a,0.0
James Garner,Everton,eng ENG,"MF,DF",23.0,N/a,17,1594.0,17.7,0.0,1.0,1.0,0.0,0.0,0.0,5.0,0.0,0.0,0.06,0.06,0.0,0.06,21.0,N/a,N/a,N/a,N/a,N/a,N/a,N/a,N/a,N/a,N/a,N/a,N/a,N/a,N/a,N/a,17.7,0.0,12.0,4.0,33.3,0.68,0.23,0.0,0.0,0.0,0.0,0.0,20.0,15.0,0.0,55.0,20.0,32.0,N/a,N/a,0.0
James Justin,Leicester City,eng ENG,"DF,MF",26.0,N/a,34,2912.0,32.4,2.0,2.0,4.0,2.0,0.0,0.0,6.0,0.0,0.06,0.06,0.12,0.06,0.12,36.0,N/a,N/a,N/a,N/a,N/a,N/a,N/a,N/a,N/a,N/a,N/a,N/a,N/a,N/a,N/a,32.4,2.0,25.0,7.0,28.0,0.77,0.22,0.08,0.29,0.0,0.0,0.0,28.0,44.0,2.0,57.0,44.0,38.0,N/a,N/a,0.0
James Tarkowski,Everton,eng ENG,DF,31.0,N/a,33,2922.0,32.5,1.0,1.0,2.0,1.0,0.0,0.0,6.0,0.0,0.03,0.03,0.06,0.03,0.06,33.0,N/a,N/a,N/a,N/a,N/a,N/a,N/a,N/a,N/a,N/a,N/a,N/a,N/a,N/a,N/a,32.5,1.0,15.0,4.0,26.7,0.46,0.12,0.07,0.25,0.0,0.0,0.0,35.0,29.0,1.0,1.0,37.0,40.0,N/a,N/a,0.0
James Ward-Prowse,West Ham United,eng ENG,MF,29.0,15.0,12,1039.0,11.5,1.0,1.0,2.0,1.0,0.0,0.0,2.0,0.0,0.09,0.09,0.17,0.09,0.17,N/a,N/a,N/a,N/a,N/a,N/a,N/a,N/a,N/a,N/a,N/a,N/a,N/a,N/a,N/a,N/a,11.5,1.0,12.0,4.0,33.3,1.04,0.35,0.08,0.25,0.0,0.0,0.0,10.0,4.0,0.0,48.0,8.0,14.0,N/a,N/a,0.0
Jamie Vardy,Leicester City,eng ENG,FW,37.0,N/a,35,2823.0,31.4,9.0,4.0,13.0,8.0,1.0,2.0,5.0,0.0,0.29,0.13,0.41,0.26,0.38,35.0,N/a,N/a,N/a,N/a,N/a,N/a,N/a,N/a,N/a,N/a,N/a,N/a,N/a,N/a,N/a,31.4,9.0,58.0,26.0,44.8,1.85,0.83,0.14,0.31,1.0,2.0,0.0,27.0,23.0,27.0,11.0,5.0,12.0,N/a,N/a,0.0
Jan Bednarek,Southampton,pl POL,DF,28.0,N/a,30,2531.0,28.1,2.0,0.0,2.0,2.0,0.0,0.0,7.0,0.0,0.07,0.0,0.07,0.07,0.07,30.0,N/a,N/a,N/a,N/a,N/a,N/a,N/a,N/a,N/a,N/a,N/a,N/a,N/a,N/a,N/a,28.1,2.0,5.0,3.0,60.0,0.18,0.11,0.4,0.67,0.0,0.0,0.0,31.0,13.0,0.0,1.0,55.0,19.0,N/a,N/a,0.0
Jan Paul van Hecke,Brighton & Hove Albion,nl NED,DF,24.0,34.0,33,2958.0,32.9,1.0,1.0,2.0,1.0,0.0,0.0,8.0,1.0,0.03,0.03,0.06,0.03,0.06,N/a,N/a,N/a,N/a,N/a,N/a,N/a,N/a,N/a,N/a,N/a,N/a,N/a,N/a,N/a,N/a,32.9,1.0,17.0,5.0,29.4,0.52,0.15,0.06,0.2,0.0,0.0,1.0,25.0,24.0,0.0,11.0,25.0,29.0,N/a,N/a,0.0
Jannik Vestergaard,Leicester City,dk DEN,DF,31.0,N/a,16,1391.0,15.5,0.0,0.0,0.0,0.0,0.0,0.0,5.0,0.0,0.0,0.0,0.0,0.0,0.0,18.0,N/a,N/a,N/a,N/a,N/a,N/a,N/a,N/a,N/a,N/a,N/a,N/a,N/a,N/a,N/a,15.5,0.0,3.0,2.0,66.7,0.19,0.13,0.0,0.0,0.0,0.0,0.0,12.0,4.0,0.0,0.0,15.0,10.0,N/a,N/a,1.0
Jarrad Branthwaite,Everton,eng ENG,DF,22.0,N/a,28,2511.0,27.9,0.0,1.0,1.0,0.0,0.0,0.0,4.0,0.0,0.0,0.04,0.04,0.0,0.04,30.0,N/a,N/a,N/a,N/a,N/a,N/a,N/a,N/a,N/a,N/a,N/a,N/a,N/a,N/a,N/a,27.9,0.0,10.0,3.0,30.0,0.36,0.11,0.0,0.0,0.0,0.0,0.0,12.0,18.0,2.0,6.0,24.0,21.0,N/a,N/a,0.0
Jarrod Bowen,West Ham United,eng ENG,"MF,FW",27.0,34.0,34,2973.0,33.0,13.0,8.0,21.0,12.0,1.0,1.0,1.0,0.0,0.39,0.24,0.64,0.36,0.61,N/a,N/a,N/a,N/a,N/a,N/a,N/a,N/a,N/a,N/a,N/a,N/a,N/a,N/a,N/a,N/a,33.0,13.0,87.0,37.0,42.5,2.63,1.12,0.14,0.32,1.0,1.0,0.0,20.0,51.0,10.0,106.0,16.0,25.0,N/a,N/a,0.0
Jean-Clair Todibo,West Ham United,fr FRA,DF,24.0,27.0,20,1825.0,20.3,0.0,0.0,0.0,0.0,0.0,0.0,3.0,0.0,0.0,0.0,0.0,0.0,0.0,N/a,N/a,N/a,N/a,N/a,N/a,N/a,N/a,N/a,N/a,N/a,N/a,N/a,N/a,N/a,N/a,20.3,0.0,5.0,0.0,0.0,0.25,0.0,0.0,N/a,0.0,0.0,0.0,16.0,6.0,0.0,3.0,23.0,26.0,N/a,N/a,0.0
Jean-Philippe Mateta,Crystal Palace,fr FRA,FW,27.0,37.0,33,2648.0,29.4,14.0,2.0,16.0,12.0,2.0,2.0,2.0,0.0,0.48,0.07,0.54,0.41,0.48,N/a,N/a,N/a,N/a,N/a,N/a,N/a,N/a,N/a,N/a,N/a,N/a,N/a,N/a,N/a,N/a,29.4,14.0,69.0,33.0,47.8,2.35,1.12,0.17,0.36,2.0,2.0,0.0,27.0,29.0,22.0,26.0,2.0,12.0,N/a,N/a,0.0
Jean-Ricner Bellegarde,Wolverhampton Wanderers,ht HAI,MF,26.0,35.0,20,1677.0,18.6,2.0,7.0,9.0,2.0,0.0,0.0,3.0,0.0,0.11,0.38,0.48,0.11,0.48,N/a,N/a,N/a,N/a,N/a,N/a,N/a,N/a,N/a,N/a,N/a,N/a,N/a,N/a,N/a,N/a,18.6,2.0,22.0,5.0,22.7,1.18,0.27,0.09,0.4,0.0,0.0,0.0,31.0,46.0,1.0,42.0,8.0,23.0,N/a,N/a,0.0
Jefferson Lerma,Crystal Palace,co COL,"MF,DF",29.0,33.0,26,2274.0,25.3,0.0,1.0,1.0,0.0,0.0,0.0,9.0,0.0,0.0,0.04,0.04,0.0,0.04,N/a,N/a,N/a,N/a,N/a,N/a,N/a,N/a,N/a,N/a,N/a,N/a,N/a,N/a,N/a,N/a,25.3,0.0,26.0,8.0,30.8,1.03,0.32,0.0,0.0,0.0,0.0,0.0,35.0,39.0,0.0,12.0,41.0,19.0,N/a,N/a,0.0
Jens Cajuste,Ipswich Town,se SWE,MF,24.0,30.0,25,1959.0,21.8,1.0,1.0,2.0,1.0,0.0,0.0,2.0,0.0,0.05,0.05,0.09,0.05,0.09,N/a,N/a,N/a,N/a,N/a,N/a,N/a,N/a,N/a,N/a,N/a,N/a,N/a,N/a,N/a,N/a,21.8,1.0,12.0,1.0,8.3,0.55,0.05,0.08,1.0,0.0,0.0,0.0,23.0,22.0,0.0,10.0,29.0,22.0,N/a,N/a,0.0
Jeremy Doku,Manchester City,be BEL,"MF,FW",22.0,29.0,16,1516.0,16.8,3.0,6.0,9.0,3.0,0.0,0.0,1.0,0.0,0.18,0.36,0.53,0.18,0.53,N/a,N/a,N/a,N/a,N/a,N/a,N/a,N/a,N/a,N/a,N/a,N/a,N/a,N/a,N/a,N/a,16.8,3.0,29.0,9.0,31.0,1.72,0.53,0.1,0.33,0.0,0.0,0.0,10.0,33.0,5.0,59.0,3.0,23.0,N/a,N/a,0.0
Jesper Lindstrøm,Everton,dk DEN,MF,24.0,N/a,15,1239.0,13.8,0.0,1.0,1.0,0.0,0.0,0.0,2.0,0.0,0.0,0.07,0.07,0.0,0.07,25.0,N/a,N/a,N/a,N/a,N/a,N/a,N/a,N/a,N/a,N/a,N/a,N/a,N/a,N/a,N/a,13.8,0.0,28.0,10.0,35.7,2.03,0.73,0.0,0.0,0.0,0.0,0.0,15.0,10.0,1.0,72.0,13.0,24.0,N/a,N/a,0.0
Joachim Andersen,Fulham,dk DEN,DF,28.0,N/a,29,2583.0,28.7,0.0,0.0,0.0,0.0,0.0,0.0,6.0,1.0,0.0,0.0,0.0,0.0,0.0,29.0,N/a,N/a,N/a,N/a,N/a,N/a,N/a,N/a,N/a,N/a,N/a,N/a,N/a,N/a,N/a,28.7,0.0,19.0,5.0,26.3,0.66,0.17,0.0,0.0,0.0,0.0,0.0,18.0,19.0,0.0,12.0,33.0,16.0,N/a,N/a,1.0
Joe Aribo,Southampton,ng NGA,MF,28.0,N/a,21,2013.0,22.4,3.0,0.0,3.0,3.0,0.0,0.0,1.0,0.0,0.13,0.0,0.13,0.13,0.13,32.0,N/a,N/a,N/a,N/a,N/a,N/a,N/a,N/a,N/a,N/a,N/a,N/a,N/a,N/a,N/a,22.4,3.0,17.0,7.0,41.2,0.76,0.31,0.18,0.43,0.0,0.0,0.0,20.0,27.0,1.0,10.0,20.0,34.0,N/a,N/a,0.0
Joe Willock,Newcastle United,eng ENG,MF,24.0,32.0,11,1086.0,12.1,0.0,2.0,2.0,0.0,0.0,0.0,4.0,0.0,0.0,0.17,0.17,0.0,0.17,N/a,N/a,N/a,N/a,N/a,N/a,N/a,N/a,N/a,N/a,N/a,N/a,N/a,N/a,N/a,N/a,12.1,0.0,18.0,3.0,16.7,1.49,0.25,0.0,0.0,0.0,0.0,0.0,22.0,13.0,3.0,17.0,7.0,18.0,N/a,N/a,0.0
Joelinton,Newcastle United,br BRA,"MF,FW",27.0,29.0,29,2393.0,26.6,4.0,3.0,7.0,4.0,0.0,0.0,10.0,0.0,0.15,0.11,0.26,0.15,0.26,N/a,N/a,N/a,N/a,N/a,N/a,N/a,N/a,N/a,N/a,N/a,N/a,N/a,N/a,N/a,N/a,26.6,4.0,45.0,14.0,31.1,1.69,0.53,0.09,0.29,0.0,0.0,0.0,58.0,34.0,7.0,16.0,20.0,35.0,N/a,N/a,0.0
John McGinn,Aston Villa,sct SCO,MF,29.0,N/a,27,2223.0,24.7,1.0,4.0,5.0,1.0,0.0,0.0,7.0,0.0,0.04,0.16,0.2,0.04,0.2,34.0,N/a,N/a,N/a,N/a,N/a,N/a,N/a,N/a,N/a,N/a,N/a,N/a,N/a,N/a,N/a,24.7,1.0,31.0,5.0,16.1,1.26,0.2,0.03,0.2,0.0,0.0,0.0,43.0,69.0,3.0,60.0,11.0,23.0,N/a,N/a,0.0
Jordan Ayew,Leicester City,gh GHA,MF,32.0,N/a,19,1638.0,18.2,5.0,0.0,5.0,4.0,1.0,1.0,5.0,0.0,0.27,0.0,0.27,0.22,0.22,30.0,N/a,N/a,N/a,N/a,N/a,N/a,N/a,N/a,N/a,N/a,N/a,N/a,N/a,N/a,N/a,18.2,5.0,32.0,10.0,31.3,1.76,0.55,0.13,0.4,1.0,1.0,0.0,30.0,58.0,7.0,57.0,11.0,14.0,N/a,N/a,0.0
Jordan Pickford,Everton,eng ENG,GK,30.0,N/a,38,3420.0,38.0,0.0,1.0,1.0,0.0,0.0,0.0,7.0,0.0,0.0,0.03,0.03,0.0,0.03,38.0,44.0,1.16,161.0,119.0,72.7,11.0,15.0,12.0,12.0,31.6,2.0,0.0,2.0,0.0,100.0,38.0,0.0,0.0,0.0,N/a,0.0,0.0,N/a,N/a,0.0,0.0,0.0,0.0,7.0,0.0,0.0,1.0,1.0,N/a,N/a,0.0
Joshua Zirkzee,Manchester United,nl NED,"FW,MF",23.0,32.0,14,1402.0,15.6,3.0,1.0,4.0,3.0,0.0,0.0,2.0,0.0,0.19,0.06,0.26,0.19,0.26,N/a,N/a,N/a,N/a,N/a,N/a,N/a,N/a,N/a,N/a,N/a,N/a,N/a,N/a,N/a,N/a,15.6,3.0,28.0,11.0,39.3,1.8,0.71,0.11,0.27,0.0,0.0,0.0,9.0,13.0,3.0,3.0,6.0,8.0,N/a,N/a,0.0
José Sá,Wolverhampton Wanderers,pt POR,GK,31.0,29.0,29,2609.0,29.0,0.0,0.0,0.0,0.0,0.0,0.0,2.0,0.0,0.0,0.0,0.0,0.0,0.0,29.0,48.0,1.66,110.0,69.0,60.9,11.0,5.0,13.0,7.0,24.1,7.0,5.0,2.0,0.0,28.6,29.0,0.0,0.0,0.0,N/a,0.0,0.0,N/a,N/a,0.0,0.0,0.0,4.0,9.0,0.0,0.0,0.0,2.0,N/a,N/a,0.0
João Gomes,Wolverhampton Wanderers,br BRA,MF,23.0,36.0,35,2974.0,33.0,3.0,1.0,4.0,3.0,0.0,0.0,11.0,1.0,0.09,0.03,0.12,0.09,0.12,N/a,N/a,N/a,N/a,N/a,N/a,N/a,N/a,N/a,N/a,N/a,N/a,N/a,N/a,N/a,N/a,33.0,3.0,35.0,7.0,20.0,1.06,0.21,0.09,0.43,0.0,0.0,1.0,70.0,46.0,1.0,29.0,25.0,78.0,N/a,N/a,0.0
João Pedro,Brighton & Hove Albion,br BRA,"FW,MF",22.0,27.0,23,1948.0,21.6,10.0,6.0,16.0,5.0,5.0,5.0,4.0,1.0,0.46,0.28,0.74,0.23,0.51,N/a,N/a,N/a,N/a,N/a,N/a,N/a,N/a,N/a,N/a,N/a,N/a,N/a,N/a,N/a,N/a,21.6,10.0,47.0,20.0,42.6,2.17,0.92,0.11,0.25,5.0,5.0,0.0,27.0,45.0,2.0,22.0,8.0,12.0,N/a,N/a,0.0
Joël Veltman,Brighton & Hove Albion,nl NED,DF,32.0,21.0,19,1697.0,18.9,0.0,0.0,0.0,0.0,0.0,0.0,5.0,0.0,0.0,0.0,0.0,0.0,0.0,N/a,N/a,N/a,N/a,N/a,N/a,N/a,N/a,N/a,N/a,N/a,N/a,N/a,N/a,N/a,N/a,18.9,0.0,6.0,1.0,16.7,0.32,0.05,0.0,0.0,0.0,0.0,0.0,27.0,44.0,0.0,24.0,20.0,29.0,N/a,N/a,0.0
Joško Gvardiol,Manchester City,hr CRO,DF,22.0,37.0,36,3277.0,36.4,5.0,0.0,5.0,5.0,0.0,0.0,2.0,0.0,0.14,0.0,0.14,0.14,0.14,N/a,N/a,N/a,N/a,N/a,N/a,N/a,N/a,N/a,N/a,N/a,N/a,N/a,N/a,N/a,N/a,36.4,5.0,40.0,12.0,30.0,1.1,0.33,0.13,0.42,0.0,0.0,0.0,16.0,27.0,3.0,22.0,42.0,38.0,N/a,N/a,0.0
Jurriën Timber,Arsenal,nl NED,DF,23.0,30.0,27,2417.0,26.9,1.0,3.0,4.0,1.0,0.0,0.0,7.0,0.0,0.04,0.11,0.15,0.04,0.15,N/a,N/a,N/a,N/a,N/a,N/a,N/a,N/a,N/a,N/a,N/a,N/a,N/a,N/a,N/a,N/a,26.9,1.0,14.0,4.0,28.6,0.52,0.15,0.07,0.25,0.0,0.0,0.0,30.0,29.0,7.0,28.0,24.0,36.0,N/a,N/a,0.0
Justin Kluivert,Bournemouth,nl NED,MF,25.0,N/a,29,2340.0,26.0,12.0,6.0,18.0,6.0,6.0,6.0,8.0,0.0,0.46,0.23,0.69,0.23,0.46,34.0,N/a,N/a,N/a,N/a,N/a,N/a,N/a,N/a,N/a,N/a,N/a,N/a,N/a,N/a,N/a,26.0,12.0,63.0,29.0,46.0,2.42,1.12,0.1,0.21,6.0,6.0,0.0,46.0,33.0,6.0,86.0,13.0,9.0,N/a,N/a,0.0
Jørgen Strand Larsen,Wolverhampton Wanderers,no NOR,FW,24.0,35.0,30,2587.0,28.7,14.0,4.0,18.0,14.0,0.0,0.0,4.0,0.0,0.49,0.14,0.63,0.49,0.63,N/a,N/a,N/a,N/a,N/a,N/a,N/a,N/a,N/a,N/a,N/a,N/a,N/a,N/a,N/a,N/a,28.7,14.0,54.0,34.0,63.0,1.88,1.18,0.26,0.41,0.0,0.0,0.0,46.0,19.0,16.0,6.0,5.0,7.0,N/a,N/a,0.0
Kai Havertz,Arsenal,de GER,FW,25.0,23.0,21,1875.0,20.8,9.0,3.0,12.0,9.0,0.0,0.0,5.0,0.0,0.43,0.14,0.58,0.43,0.58,N/a,N/a,N/a,N/a,N/a,N/a,N/a,N/a,N/a,N/a,N/a,N/a,N/a,N/a,N/a,N/a,20.8,9.0,53.0,21.0,39.6,2.54,1.01,0.17,0.43,0.0,0.0,0.0,38.0,23.0,14.0,11.0,5.0,8.0,N/a,N/a,0.0
Kalvin Phillips,Ipswich Town,eng ENG,MF,28.0,19.0,14,1237.0,13.7,0.0,0.0,0.0,0.0,0.0,0.0,6.0,1.0,0.0,0.0,0.0,0.0,0.0,N/a,N/a,N/a,N/a,N/a,N/a,N/a,N/a,N/a,N/a,N/a,N/a,N/a,N/a,N/a,N/a,13.7,0.0,11.0,2.0,18.2,0.8,0.15,0.0,0.0,0.0,0.0,1.0,28.0,21.0,0.0,20.0,18.0,20.0,N/a,N/a,0.0
Kamaldeen Sulemana,Southampton,gh GHA,"FW,MF",22.0,N/a,17,1402.0,15.6,1.0,1.0,2.0,1.0,0.0,0.0,2.0,0.0,0.06,0.06,0.13,0.06,0.13,26.0,N/a,N/a,N/a,N/a,N/a,N/a,N/a,N/a,N/a,N/a,N/a,N/a,N/a,N/a,N/a,15.6,1.0,29.0,8.0,27.6,1.86,0.51,0.03,0.13,0.0,0.0,0.0,22.0,11.0,3.0,26.0,5.0,16.0,N/a,N/a,0.0
Kaoru Mitoma,Brighton & Hove Albion,jp JPN,MF,27.0,36.0,28,2603.0,28.9,10.0,4.0,14.0,10.0,0.0,0.0,1.0,0.0,0.35,0.14,0.48,0.35,0.48,N/a,N/a,N/a,N/a,N/a,N/a,N/a,N/a,N/a,N/a,N/a,N/a,N/a,N/a,N/a,N/a,28.9,10.0,57.0,27.0,47.4,1.97,0.93,0.18,0.37,0.0,0.0,0.0,40.0,24.0,5.0,72.0,12.0,27.0,N/a,N/a,0.0
Keane Lewis-Potter,Brentford,eng ENG,"DF,MF",23.0,38.0,36,3093.0,34.4,1.0,3.0,4.0,1.0,0.0,0.0,7.0,0.0,0.03,0.09,0.12,0.03,0.12,N/a,N/a,N/a,N/a,N/a,N/a,N/a,N/a,N/a,N/a,N/a,N/a,N/a,N/a,N/a,N/a,34.4,1.0,28.0,14.0,50.0,0.81,0.41,0.04,0.07,0.0,0.0,0.0,18.0,31.0,4.0,75.0,20.0,27.0,N/a,N/a,0.0
Kenny Tete,Fulham,nl NED,DF,28.0,N/a,21,1774.0,19.7,0.0,2.0,2.0,0.0,0.0,0.0,5.0,0.0,0.0,0.1,0.1,0.0,0.1,22.0,N/a,N/a,N/a,N/a,N/a,N/a,N/a,N/a,N/a,N/a,N/a,N/a,N/a,N/a,N/a,19.7,0.0,24.0,2.0,8.3,1.22,0.1,0.0,0.0,0.0,0.0,0.0,35.0,16.0,1.0,38.0,30.0,38.0,N/a,N/a,0.0
Kepa Arrizabalaga,Bournemouth,es ESP,GK,29.0,N/a,31,2790.0,31.0,0.0,0.0,0.0,0.0,0.0,0.0,3.0,0.0,0.0,0.0,0.0,0.0,0.0,31.0,39.0,1.26,132.0,97.0,73.5,13.0,7.0,11.0,8.0,25.8,4.0,4.0,0.0,0.0,0.0,31.0,0.0,1.0,0.0,0.0,0.03,0.0,0.0,N/a,0.0,0.0,0.0,2.0,6.0,0.0,0.0,0.0,0.0,N/a,N/a,0.0
Kevin De Bruyne,Manchester City,be BEL,"MF,FW",33.0,28.0,19,1702.0,18.9,4.0,7.0,11.0,4.0,0.0,0.0,2.0,0.0,0.21,0.37,0.58,0.21,0.58,N/a,N/a,N/a,N/a,N/a,N/a,N/a,N/a,N/a,N/a,N/a,N/a,N/a,N/a,N/a,N/a,18.9,4.0,57.0,18.0,31.6,3.01,0.95,0.07,0.22,0.0,0.0,0.0,17.0,18.0,5.0,144.0,7.0,9.0,N/a,N/a,0.0
Kevin Schade,Brentford,de GER,"MF,FW",22.0,38.0,26,2293.0,25.5,11.0,2.0,13.0,11.0,0.0,0.0,3.0,0.0,0.43,0.08,0.51,0.43,0.51,N/a,N/a,N/a,N/a,N/a,N/a,N/a,N/a,N/a,N/a,N/a,N/a,N/a,N/a,N/a,N/a,25.5,11.0,55.0,27.0,49.1,2.16,1.06,0.2,0.41,0.0,0.0,0.0,21.0,38.0,13.0,39.0,5.0,26.0,N/a,N/a,0.0
Kieran Trippier,Newcastle United,eng ENG,DF,33.0,25.0,14,1309.0,14.5,0.0,3.0,3.0,0.0,0.0,0.0,1.0,0.0,0.0,0.21,0.21,0.0,0.21,N/a,N/a,N/a,N/a,N/a,N/a,N/a,N/a,N/a,N/a,N/a,N/a,N/a,N/a,N/a,N/a,14.5,0.0,4.0,0.0,0.0,0.28,0.0,0.0,N/a,0.0,0.0,0.0,16.0,11.0,2.0,83.0,11.0,22.0,N/a,N/a,0.0
Kobbie Mainoo,Manchester United,eng ENG,MF,19.0,25.0,19,1651.0,18.3,0.0,0.0,0.0,0.0,0.0,0.0,5.0,0.0,0.0,0.0,0.0,0.0,0.0,N/a,N/a,N/a,N/a,N/a,N/a,N/a,N/a,N/a,N/a,N/a,N/a,N/a,N/a,N/a,N/a,18.3,0.0,15.0,2.0,13.3,0.82,0.11,0.0,0.0,0.0,0.0,0.0,27.0,21.0,3.0,7.0,19.0,28.0,N/a,N/a,0.0
Konstantinos Mavropanos,West Ham United,gr GRE,DF,26.0,33.0,21,2045.0,22.7,0.0,0.0,0.0,0.0,0.0,0.0,6.0,1.0,0.0,0.0,0.0,0.0,0.0,N/a,N/a,N/a,N/a,N/a,N/a,N/a,N/a,N/a,N/a,N/a,N/a,N/a,N/a,N/a,N/a,22.7,0.0,18.0,5.0,27.8,0.79,0.22,0.0,0.0,0.0,0.0,1.0,17.0,16.0,3.0,2.0,39.0,23.0,N/a,N/a,0.0
Kristoffer Ajer,Brentford,no NOR,DF,26.0,24.0,17,1438.0,16.0,0.0,0.0,0.0,0.0,0.0,0.0,5.0,0.0,0.0,0.0,0.0,0.0,0.0,N/a,N/a,N/a,N/a,N/a,N/a,N/a,N/a,N/a,N/a,N/a,N/a,N/a,N/a,N/a,N/a,16.0,0.0,9.0,3.0,33.3,0.56,0.19,0.0,0.0,0.0,0.0,0.0,13.0,6.0,2.0,14.0,11.0,19.0,N/a,N/a,0.0
Kyle Walker,Manchester City,eng ENG,DF,34.0,15.0,9,970.0,10.8,0.0,0.0,0.0,0.0,0.0,0.0,3.0,0.0,0.0,0.0,0.0,0.0,0.0,N/a,N/a,N/a,N/a,N/a,N/a,N/a,N/a,N/a,N/a,N/a,N/a,N/a,N/a,N/a,N/a,10.8,0.0,5.0,2.0,40.0,0.46,0.19,0.0,0.0,0.0,0.0,0.0,6.0,4.0,1.0,14.0,3.0,10.0,N/a,N/a,0.0
Kyle Walker-Peters,Southampton,eng ENG,"MF,DF",27.0,N/a,33,2918.0,32.4,0.0,2.0,2.0,0.0,0.0,0.0,5.0,0.0,0.0,0.06,0.06,0.0,0.06,33.0,N/a,N/a,N/a,N/a,N/a,N/a,N/a,N/a,N/a,N/a,N/a,N/a,N/a,N/a,N/a,32.4,0.0,20.0,6.0,30.0,0.62,0.19,0.0,0.0,0.0,0.0,0.0,28.0,52.0,2.0,50.0,19.0,32.0,N/a,N/a,0.0
Leandro Trossard,Arsenal,be BEL,FW,29.0,38.0,28,2546.0,28.3,8.0,7.0,15.0,8.0,0.0,0.0,4.0,1.0,0.28,0.25,0.53,0.28,0.53,N/a,N/a,N/a,N/a,N/a,N/a,N/a,N/a,N/a,N/a,N/a,N/a,N/a,N/a,N/a,N/a,28.3,8.0,72.0,22.0,30.6,2.55,0.78,0.11,0.36,0.0,0.0,1.0,27.0,46.0,6.0,80.0,10.0,18.0,N/a,N/a,0.0
Leif Davis,Ipswich Town,eng ENG,DF,24.0,33.0,32,2743.0,30.5,1.0,2.0,3.0,1.0,0.0,0.0,5.0,1.0,0.03,0.07,0.1,0.03,0.1,N/a,N/a,N/a,N/a,N/a,N/a,N/a,N/a,N/a,N/a,N/a,N/a,N/a,N/a,N/a,N/a,30.5,1.0,16.0,2.0,12.5,0.52,0.07,0.06,0.5,0.0,0.0,0.0,26.0,31.0,5.0,157.0,25.0,28.0,N/a,N/a,0.0
Leny Yoro,Manchester United,fr FRA,DF,18.0,21.0,12,1165.0,12.9,0.0,0.0,0.0,0.0,0.0,0.0,5.0,0.0,0.0,0.0,0.0,0.0,0.0,N/a,N/a,N/a,N/a,N/a,N/a,N/a,N/a,N/a,N/a,N/a,N/a,N/a,N/a,N/a,N/a,12.9,0.0,5.0,1.0,20.0,0.39,0.08,0.0,0.0,0.0,0.0,0.0,9.0,2.0,1.0,1.0,17.0,11.0,N/a,N/a,0.0
Leon Bailey,Aston Villa,jm JAM,MF,26.0,N/a,14,1139.0,12.7,1.0,2.0,3.0,1.0,0.0,0.0,3.0,0.0,0.08,0.16,0.24,0.08,0.24,24.0,N/a,N/a,N/a,N/a,N/a,N/a,N/a,N/a,N/a,N/a,N/a,N/a,N/a,N/a,N/a,12.7,1.0,28.0,6.0,21.4,2.21,0.47,0.04,0.17,0.0,0.0,0.0,12.0,18.0,3.0,34.0,4.0,4.0,N/a,N/a,0.0
Lesley Ugochukwu,Southampton,fr FRA,MF,20.0,N/a,18,1655.0,18.4,1.0,1.0,2.0,1.0,0.0,0.0,7.0,0.0,0.05,0.05,0.11,0.05,0.11,26.0,N/a,N/a,N/a,N/a,N/a,N/a,N/a,N/a,N/a,N/a,N/a,N/a,N/a,N/a,N/a,18.4,1.0,10.0,1.0,10.0,0.54,0.05,0.1,1.0,0.0,0.0,0.0,31.0,16.0,0.0,6.0,14.0,22.0,N/a,N/a,0.0
Levi Colwill,Chelsea,eng ENG,DF,21.0,35.0,35,3149.0,35.0,2.0,1.0,3.0,2.0,0.0,0.0,9.0,0.0,0.06,0.03,0.09,0.06,0.09,N/a,N/a,N/a,N/a,N/a,N/a,N/a,N/a,N/a,N/a,N/a,N/a,N/a,N/a,N/a,N/a,35.0,2.0,17.0,4.0,23.5,0.49,0.11,0.12,0.5,0.0,0.0,0.0,46.0,21.0,4.0,12.0,32.0,35.0,N/a,N/a,0.0
Lewis Cook,Bournemouth,eng ENG,"MF,DF",27.0,N/a,32,2978.0,33.1,1.0,3.0,4.0,1.0,0.0,0.0,8.0,1.0,0.03,0.09,0.12,0.03,0.12,36.0,N/a,N/a,N/a,N/a,N/a,N/a,N/a,N/a,N/a,N/a,N/a,N/a,N/a,N/a,N/a,33.1,1.0,14.0,4.0,28.6,0.42,0.12,0.07,0.25,0.0,0.0,0.0,48.0,10.0,3.0,132.0,45.0,42.0,N/a,N/a,0.0
Lewis Dunk,Brighton & Hove Albion,eng ENG,DF,32.0,25.0,23,2083.0,23.1,0.0,0.0,0.0,0.0,0.0,0.0,5.0,0.0,0.0,0.0,0.0,0.0,0.0,N/a,N/a,N/a,N/a,N/a,N/a,N/a,N/a,N/a,N/a,N/a,N/a,N/a,N/a,N/a,N/a,23.1,0.0,12.0,3.0,25.0,0.52,0.13,0.0,0.0,0.0,0.0,0.0,7.0,11.0,2.0,5.0,12.0,11.0,N/a,N/a,1.0
Lewis Hall,Newcastle United,eng ENG,DF,19.0,27.0,24,2189.0,24.3,0.0,4.0,4.0,0.0,0.0,0.0,3.0,0.0,0.0,0.16,0.16,0.0,0.16,N/a,N/a,N/a,N/a,N/a,N/a,N/a,N/a,N/a,N/a,N/a,N/a,N/a,N/a,N/a,N/a,24.3,0.0,11.0,1.0,9.1,0.45,0.04,0.0,0.0,0.0,0.0,0.0,9.0,21.0,1.0,110.0,17.0,40.0,N/a,N/a,0.0
Liam Delap,Ipswich Town,eng ENG,FW,21.0,37.0,32,2593.0,28.8,12.0,2.0,14.0,10.0,2.0,2.0,12.0,0.0,0.42,0.07,0.49,0.35,0.42,N/a,N/a,N/a,N/a,N/a,N/a,N/a,N/a,N/a,N/a,N/a,N/a,N/a,N/a,N/a,N/a,28.8,12.0,68.0,32.0,47.1,2.36,1.11,0.15,0.31,2.0,2.0,0.0,72.0,51.0,14.0,5.0,2.0,8.0,N/a,N/a,0.0
Lisandro Martínez,Manchester United,ar ARG,DF,26.0,20.0,20,1751.0,19.5,2.0,1.0,3.0,2.0,0.0,0.0,7.0,0.0,0.1,0.05,0.15,0.1,0.15,N/a,N/a,N/a,N/a,N/a,N/a,N/a,N/a,N/a,N/a,N/a,N/a,N/a,N/a,N/a,N/a,19.5,2.0,17.0,6.0,35.3,0.87,0.31,0.12,0.33,0.0,0.0,0.0,22.0,7.0,0.0,9.0,31.0,24.0,N/a,N/a,0.0
Lucas Digne,Aston Villa,fr FRA,DF,31.0,N/a,28,2351.0,26.1,0.0,4.0,4.0,0.0,0.0,0.0,4.0,0.0,0.0,0.15,0.15,0.0,0.15,32.0,N/a,N/a,N/a,N/a,N/a,N/a,N/a,N/a,N/a,N/a,N/a,N/a,N/a,N/a,N/a,26.1,0.0,13.0,3.0,23.1,0.5,0.11,0.0,0.0,0.0,0.0,0.0,21.0,16.0,7.0,140.0,22.0,36.0,N/a,N/a,0.0
Lucas Paquetá,West Ham United,br BRA,"MF,FW",26.0,33.0,27,2380.0,26.4,4.0,0.0,4.0,2.0,2.0,2.0,10.0,0.0,0.15,0.0,0.15,0.08,0.08,N/a,N/a,N/a,N/a,N/a,N/a,N/a,N/a,N/a,N/a,N/a,N/a,N/a,N/a,N/a,N/a,26.4,4.0,41.0,6.0,14.6,1.55,0.23,0.05,0.33,2.0,2.0,0.0,53.0,62.0,5.0,29.0,17.0,36.0,N/a,N/a,0.0
Luis Díaz,Liverpool,co COL,"FW,MF",27.0,36.0,28,2399.0,26.7,13.0,5.0,18.0,13.0,0.0,0.0,2.0,0.0,0.49,0.19,0.68,0.49,0.68,N/a,N/a,N/a,N/a,N/a,N/a,N/a,N/a,N/a,N/a,N/a,N/a,N/a,N/a,N/a,N/a,26.7,13.0,71.0,30.0,42.3,2.66,1.13,0.18,0.43,0.0,0.0,0.0,48.0,31.0,10.0,32.0,7.0,27.0,N/a,N/a,0.0
Luke Thomas,Leicester City,eng ENG,DF,23.0,N/a,13,1110.0,12.3,0.0,0.0,0.0,0.0,0.0,0.0,3.0,0.0,0.0,0.0,0.0,0.0,0.0,14.0,N/a,N/a,N/a,N/a,N/a,N/a,N/a,N/a,N/a,N/a,N/a,N/a,N/a,N/a,N/a,12.3,0.0,5.0,0.0,0.0,0.41,0.0,0.0,N/a,0.0,0.0,0.0,16.0,10.0,0.0,28.0,20.0,25.0,N/a,N/a,0.0
Luke Woolfenden,Ipswich Town,eng ENG,DF,25.0,15.0,12,1187.0,13.2,0.0,0.0,0.0,0.0,0.0,0.0,2.0,0.0,0.0,0.0,0.0,0.0,0.0,N/a,N/a,N/a,N/a,N/a,N/a,N/a,N/a,N/a,N/a,N/a,N/a,N/a,N/a,N/a,N/a,13.2,0.0,1.0,0.0,0.0,0.08,0.0,0.0,N/a,0.0,0.0,0.0,5.0,2.0,1.0,0.0,21.0,6.0,N/a,N/a,0.0
Mads Hermansen,Leicester City,dk DEN,GK,24.0,N/a,27,2385.0,26.5,0.0,0.0,0.0,0.0,0.0,0.0,1.0,0.0,0.0,0.0,0.0,0.0,0.0,27.0,58.0,2.19,156.0,102.0,64.7,3.0,6.0,18.0,1.0,3.7,4.0,3.0,1.0,0.0,25.0,26.5,0.0,0.0,0.0,N/a,0.0,0.0,N/a,N/a,0.0,0.0,0.0,0.0,3.0,0.0,0.0,0.0,1.0,N/a,N/a,0.0
Mads Roerslev,Brentford,dk DEN,DF,25.0,19.0,11,1101.0,12.2,0.0,2.0,2.0,0.0,0.0,0.0,2.0,0.0,0.0,0.16,0.16,0.0,0.16,N/a,N/a,N/a,N/a,N/a,N/a,N/a,N/a,N/a,N/a,N/a,N/a,N/a,N/a,N/a,N/a,12.2,0.0,5.0,2.0,40.0,0.41,0.16,0.0,0.0,0.0,0.0,0.0,6.0,10.0,0.0,30.0,4.0,8.0,N/a,N/a,0.0
Malo Gusto,Chelsea,fr FRA,DF,21.0,32.0,19,1862.0,20.7,0.0,1.0,1.0,0.0,0.0,0.0,4.0,0.0,0.0,0.05,0.05,0.0,0.05,N/a,N/a,N/a,N/a,N/a,N/a,N/a,N/a,N/a,N/a,N/a,N/a,N/a,N/a,N/a,N/a,20.7,0.0,22.0,5.0,22.7,1.06,0.24,0.0,0.0,0.0,0.0,0.0,20.0,20.0,2.0,54.0,25.0,31.0,N/a,N/a,0.0
Manuel Akanji,Manchester City,ch SUI,"DF,MF",29.0,26.0,23,2014.0,22.4,0.0,0.0,0.0,0.0,0.0,0.0,3.0,0.0,0.0,0.0,0.0,0.0,0.0,N/a,N/a,N/a,N/a,N/a,N/a,N/a,N/a,N/a,N/a,N/a,N/a,N/a,N/a,N/a,N/a,22.4,0.0,15.0,2.0,13.3,0.67,0.09,0.0,0.0,0.0,0.0,0.0,17.0,9.0,0.0,11.0,9.0,11.0,N/a,N/a,0.0
Manuel Ugarte,Manchester United,uy URU,MF,23.0,29.0,22,1785.0,19.8,1.0,2.0,3.0,1.0,0.0,0.0,11.0,0.0,0.05,0.1,0.15,0.05,0.15,N/a,N/a,N/a,N/a,N/a,N/a,N/a,N/a,N/a,N/a,N/a,N/a,N/a,N/a,N/a,N/a,19.8,1.0,19.0,4.0,21.1,0.96,0.2,0.05,0.25,0.0,0.0,0.0,41.0,33.0,0.0,7.0,26.0,50.0,N/a,N/a,1.0
Marc Cucurella,Chelsea,es ESP,DF,26.0,36.0,33,2988.0,33.2,5.0,1.0,6.0,5.0,0.0,0.0,10.0,1.0,0.15,0.03,0.18,0.15,0.18,N/a,N/a,N/a,N/a,N/a,N/a,N/a,N/a,N/a,N/a,N/a,N/a,N/a,N/a,N/a,N/a,33.2,5.0,24.0,12.0,50.0,0.72,0.36,0.21,0.42,0.0,0.0,1.0,37.0,38.0,3.0,29.0,26.0,46.0,N/a,N/a,0.0
Marc Guéhi,Crystal Palace,eng ENG,DF,24.0,34.0,34,3059.0,34.0,3.0,2.0,5.0,3.0,0.0,0.0,9.0,1.0,0.09,0.06,0.15,0.09,0.15,N/a,N/a,N/a,N/a,N/a,N/a,N/a,N/a,N/a,N/a,N/a,N/a,N/a,N/a,N/a,N/a,34.0,3.0,15.0,7.0,46.7,0.44,0.21,0.2,0.43,0.0,0.0,1.0,23.0,27.0,1.0,13.0,29.0,32.0,N/a,N/a,3.0
Marcos Senesi,Bournemouth,ar ARG,DF,27.0,N/a,13,1106.0,12.3,0.0,0.0,0.0,0.0,0.0,0.0,5.0,0.0,0.0,0.0,0.0,0.0,0.0,17.0,N/a,N/a,N/a,N/a,N/a,N/a,N/a,N/a,N/a,N/a,N/a,N/a,N/a,N/a,N/a,12.3,0.0,2.0,0.0,0.0,0.16,0.0,0.0,N/a,0.0,0.0,0.0,22.0,8.0,1.0,11.0,14.0,19.0,N/a,N/a,0.0
Marcus Rashford,Manchester United,eng ENG,MF,26.0,15.0,12,978.0,10.9,4.0,1.0,5.0,4.0,0.0,0.0,2.0,0.0,0.37,0.09,0.46,0.37,0.46,N/a,N/a,N/a,N/a,N/a,N/a,N/a,N/a,N/a,N/a,N/a,N/a,N/a,N/a,N/a,N/a,10.9,4.0,16.0,9.0,56.3,1.47,0.83,0.25,0.44,0.0,0.0,0.0,8.0,7.0,7.0,27.0,5.0,4.0,N/a,N/a,0.0
Marcus Tavernier,Bournemouth,eng ENG,MF,25.0,N/a,20,1939.0,21.5,3.0,5.0,8.0,3.0,0.0,0.0,6.0,0.0,0.14,0.23,0.37,0.14,0.37,29.0,N/a,N/a,N/a,N/a,N/a,N/a,N/a,N/a,N/a,N/a,N/a,N/a,N/a,N/a,N/a,21.5,3.0,57.0,17.0,29.8,2.65,0.79,0.05,0.18,0.0,0.0,0.0,34.0,28.0,4.0,108.0,4.0,22.0,N/a,N/a,0.0
Mario Lemina,Wolverhampton Wanderers,ga GAB,"MF,DF",30.0,17.0,15,1364.0,15.2,1.0,3.0,4.0,1.0,0.0,0.0,4.0,0.0,0.07,0.2,0.26,0.07,0.26,N/a,N/a,N/a,N/a,N/a,N/a,N/a,N/a,N/a,N/a,N/a,N/a,N/a,N/a,N/a,N/a,15.2,1.0,18.0,5.0,27.8,1.19,0.33,0.06,0.2,0.0,0.0,0.0,17.0,8.0,4.0,10.0,26.0,33.0,N/a,N/a,0.0
Mark Flekken,Brentford,nl NED,GK,31.0,37.0,37,3275.0,36.4,0.0,2.0,2.0,0.0,0.0,0.0,1.0,0.0,0.0,0.05,0.05,0.0,0.05,37.0,55.0,1.51,207.0,152.0,73.9,16.0,8.0,13.0,8.0,21.6,1.0,1.0,0.0,0.0,0.0,36.4,0.0,0.0,0.0,N/a,0.0,0.0,N/a,N/a,0.0,0.0,0.0,0.0,3.0,0.0,0.0,0.0,4.0,N/a,N/a,0.0
Marshall Munetsi,Wolverhampton Wanderers,zw ZIM,"MF,FW",28.0,14.0,12,1078.0,12.0,2.0,1.0,3.0,2.0,0.0,0.0,0.0,0.0,0.17,0.08,0.25,0.17,0.25,N/a,N/a,N/a,N/a,N/a,N/a,N/a,N/a,N/a,N/a,N/a,N/a,N/a,N/a,N/a,N/a,12.0,2.0,22.0,7.0,31.8,1.84,0.58,0.09,0.29,0.0,0.0,0.0,18.0,10.0,3.0,10.0,6.0,11.0,N/a,N/a,0.0
Martin Ødegaard,Arsenal,no NOR,MF,25.0,30.0,26,2325.0,25.8,3.0,8.0,11.0,2.0,1.0,1.0,4.0,0.0,0.12,0.31,0.43,0.08,0.39,N/a,N/a,N/a,N/a,N/a,N/a,N/a,N/a,N/a,N/a,N/a,N/a,N/a,N/a,N/a,N/a,25.8,3.0,49.0,17.0,34.7,1.9,0.66,0.04,0.12,1.0,1.0,0.0,12.0,23.0,1.0,86.0,6.0,8.0,N/a,N/a,0.0
Mateo Kovačić,Manchester City,hr CRO,"MF,DF",30.0,31.0,25,2198.0,24.4,6.0,2.0,8.0,6.0,0.0,0.0,5.0,1.0,0.25,0.08,0.33,0.25,0.33,N/a,N/a,N/a,N/a,N/a,N/a,N/a,N/a,N/a,N/a,N/a,N/a,N/a,N/a,N/a,N/a,24.4,6.0,45.0,12.0,26.7,1.84,0.49,0.13,0.5,0.0,0.0,0.0,24.0,26.0,0.0,0.0,22.0,39.0,N/a,N/a,0.0
Mateus Fernandes,Southampton,pt POR,MF,20.0,N/a,34,2909.0,32.3,2.0,4.0,6.0,2.0,0.0,0.0,8.0,0.0,0.06,0.12,0.19,0.06,0.19,36.0,N/a,N/a,N/a,N/a,N/a,N/a,N/a,N/a,N/a,N/a,N/a,N/a,N/a,N/a,N/a,32.3,2.0,42.0,14.0,33.3,1.3,0.43,0.05,0.14,0.0,0.0,0.0,46.0,54.0,4.0,113.0,25.0,50.0,N/a,N/a,0.0
Matheus Cunha,Wolverhampton Wanderers,br BRA,MF,25.0,33.0,29,2597.0,28.9,15.0,6.0,21.0,15.0,0.0,0.0,4.0,0.0,0.52,0.21,0.73,0.52,0.73,N/a,N/a,N/a,N/a,N/a,N/a,N/a,N/a,N/a,N/a,N/a,N/a,N/a,N/a,N/a,N/a,28.9,15.0,110.0,44.0,40.0,3.81,1.52,0.14,0.34,0.0,0.0,0.0,43.0,71.0,8.0,143.0,14.0,23.0,N/a,N/a,0.0
Matheus Nunes,Manchester City,pt POR,"DF,MF",25.0,26.0,19,1674.0,18.6,1.0,6.0,7.0,1.0,0.0,0.0,4.0,0.0,0.05,0.32,0.38,0.05,0.38,N/a,N/a,N/a,N/a,N/a,N/a,N/a,N/a,N/a,N/a,N/a,N/a,N/a,N/a,N/a,N/a,18.6,1.0,9.0,4.0,44.4,0.48,0.22,0.11,0.25,0.0,0.0,0.0,30.0,20.0,6.0,45.0,14.0,21.0,N/a,N/a,0.0
Mats Wieffer,Brighton & Hove Albion,nl NED,"DF,MF",24.0,25.0,10,1015.0,11.3,1.0,3.0,4.0,1.0,0.0,0.0,6.0,0.0,0.09,0.27,0.35,0.09,0.35,N/a,N/a,N/a,N/a,N/a,N/a,N/a,N/a,N/a,N/a,N/a,N/a,N/a,N/a,N/a,N/a,11.3,1.0,9.0,4.0,44.4,0.8,0.35,0.11,0.25,0.0,0.0,0.0,23.0,10.0,1.0,14.0,16.0,34.0,N/a,N/a,0.0
Matt Doherty,Wolverhampton Wanderers,ie IRL,"DF,MF",32.0,30.0,25,2109.0,23.4,2.0,1.0,3.0,2.0,0.0,0.0,6.0,0.0,0.09,0.04,0.13,0.09,0.13,N/a,N/a,N/a,N/a,N/a,N/a,N/a,N/a,N/a,N/a,N/a,N/a,N/a,N/a,N/a,N/a,23.4,2.0,10.0,3.0,30.0,0.43,0.13,0.2,0.67,0.0,0.0,0.0,18.0,11.0,2.0,22.0,22.0,21.0,N/a,N/a,1.0
Matt O'Riley,Brighton & Hove Albion,dk DEN,MF,23.0,21.0,11,938.0,10.4,2.0,2.0,4.0,1.0,1.0,1.0,1.0,0.0,0.19,0.19,0.38,0.1,0.29,N/a,N/a,N/a,N/a,N/a,N/a,N/a,N/a,N/a,N/a,N/a,N/a,N/a,N/a,N/a,N/a,10.4,2.0,22.0,7.0,31.8,2.11,0.67,0.05,0.14,1.0,1.0,0.0,16.0,13.0,2.0,50.0,13.0,8.0,N/a,N/a,1.0
Matthijs de Ligt,Manchester United,nl NED,DF,24.0,29.0,25,2123.0,23.6,2.0,0.0,2.0,2.0,0.0,0.0,3.0,0.0,0.08,0.0,0.08,0.08,0.08,N/a,N/a,N/a,N/a,N/a,N/a,N/a,N/a,N/a,N/a,N/a,N/a,N/a,N/a,N/a,N/a,23.6,2.0,18.0,10.0,55.6,0.76,0.42,0.11,0.2,0.0,0.0,0.0,16.0,12.0,2.0,6.0,32.0,22.0,N/a,N/a,0.0
Matty Cash,Aston Villa,pl POL,DF,26.0,N/a,24,2070.0,23.0,1.0,1.0,2.0,1.0,0.0,0.0,7.0,0.0,0.04,0.04,0.09,0.04,0.09,27.0,N/a,N/a,N/a,N/a,N/a,N/a,N/a,N/a,N/a,N/a,N/a,N/a,N/a,N/a,N/a,23.0,1.0,13.0,6.0,46.2,0.57,0.26,0.08,0.17,0.0,0.0,0.0,27.0,20.0,1.0,40.0,22.0,31.0,N/a,N/a,0.0
Matz Sels,Nottingham Forest,be BEL,GK,32.0,38.0,38,3420.0,38.0,0.0,0.0,0.0,0.0,0.0,0.0,4.0,0.0,0.0,0.0,0.0,0.0,0.0,38.0,46.0,1.21,163.0,119.0,73.6,19.0,8.0,11.0,13.0,34.2,3.0,3.0,0.0,0.0,0.0,38.0,0.0,0.0,0.0,N/a,0.0,0.0,N/a,N/a,0.0,0.0,0.0,1.0,8.0,0.0,0.0,0.0,1.0,N/a,N/a,0.0
Max Kilman,West Ham United,eng ENG,DF,27.0,38.0,38,3348.0,37.2,0.0,1.0,1.0,0.0,0.0,0.0,5.0,0.0,0.0,0.03,0.03,0.0,0.03,N/a,N/a,N/a,N/a,N/a,N/a,N/a,N/a,N/a,N/a,N/a,N/a,N/a,N/a,N/a,N/a,37.2,0.0,13.0,3.0,23.1,0.35,0.08,0.0,0.0,0.0,0.0,0.0,23.0,13.0,2.0,4.0,36.0,26.0,N/a,N/a,0.0
Maxence Lacroix,Crystal Palace,fr FRA,DF,24.0,35.0,35,3116.0,34.6,1.0,1.0,2.0,1.0,0.0,0.0,5.0,0.0,0.03,0.03,0.06,0.03,0.06,N/a,N/a,N/a,N/a,N/a,N/a,N/a,N/a,N/a,N/a,N/a,N/a,N/a,N/a,N/a,N/a,34.6,1.0,30.0,6.0,20.0,0.87,0.17,0.03,0.17,0.0,0.0,0.0,34.0,19.0,1.0,7.0,54.0,42.0,N/a,N/a,0.0
Michael Keane,Everton,eng ENG,DF,31.0,N/a,11,1049.0,11.7,3.0,0.0,3.0,3.0,0.0,0.0,5.0,0.0,0.26,0.0,0.26,0.26,0.26,14.0,N/a,N/a,N/a,N/a,N/a,N/a,N/a,N/a,N/a,N/a,N/a,N/a,N/a,N/a,N/a,11.7,3.0,10.0,4.0,40.0,0.86,0.34,0.3,0.75,0.0,0.0,0.0,9.0,0.0,0.0,1.0,13.0,10.0,N/a,N/a,0.0
Mikel Merino,Arsenal,es ESP,"MF,FW",28.0,28.0,17,1586.0,17.6,7.0,2.0,9.0,7.0,0.0,0.0,4.0,1.0,0.4,0.11,0.51,0.4,0.51,N/a,N/a,N/a,N/a,N/a,N/a,N/a,N/a,N/a,N/a,N/a,N/a,N/a,N/a,N/a,N/a,17.6,7.0,38.0,15.0,39.5,2.16,0.85,0.18,0.47,0.0,0.0,1.0,41.0,23.0,7.0,12.0,16.0,28.0,N/a,N/a,0.0
Mikkel Damsgaard,Brentford,dk DEN,MF,24.0,38.0,34,2911.0,32.3,2.0,10.0,12.0,2.0,0.0,0.0,2.0,0.0,0.06,0.31,0.37,0.06,0.37,N/a,N/a,N/a,N/a,N/a,N/a,N/a,N/a,N/a,N/a,N/a,N/a,N/a,N/a,N/a,N/a,32.3,2.0,35.0,7.0,20.0,1.08,0.22,0.06,0.29,0.0,0.0,0.0,18.0,27.0,6.0,147.0,29.0,44.0,N/a,N/a,0.0
Milos Kerkez,Bournemouth,hu HUN,DF,20.0,N/a,38,3336.0,37.1,2.0,5.0,7.0,2.0,0.0,0.0,4.0,0.0,0.05,0.13,0.19,0.05,0.19,38.0,N/a,N/a,N/a,N/a,N/a,N/a,N/a,N/a,N/a,N/a,N/a,N/a,N/a,N/a,N/a,37.1,2.0,19.0,5.0,26.3,0.51,0.13,0.11,0.4,0.0,0.0,0.0,30.0,50.0,3.0,141.0,41.0,26.0,N/a,N/a,0.0
Mohamed Salah,Liverpool,eg EGY,MF,32.0,38.0,38,3371.0,37.5,29.0,18.0,47.0,20.0,9.0,9.0,1.0,0.0,0.77,0.48,1.25,0.53,1.01,N/a,N/a,N/a,N/a,N/a,N/a,N/a,N/a,N/a,N/a,N/a,N/a,N/a,N/a,N/a,N/a,37.5,29.0,130.0,61.0,46.9,3.47,1.63,0.15,0.33,9.0,9.0,0.0,25.0,39.0,18.0,79.0,9.0,11.0,N/a,N/a,0.0
Mohammed Kudus,West Ham United,gh GHA,"MF,FW",23.0,32.0,31,2590.0,28.8,5.0,3.0,8.0,5.0,0.0,0.0,2.0,1.0,0.17,0.1,0.28,0.17,0.28,N/a,N/a,N/a,N/a,N/a,N/a,N/a,N/a,N/a,N/a,N/a,N/a,N/a,N/a,N/a,N/a,28.8,5.0,75.0,22.0,29.3,2.61,0.76,0.07,0.23,0.0,0.0,0.0,39.0,64.0,18.0,81.0,4.0,23.0,N/a,N/a,0.0
Moisés Caicedo,Chelsea,ec ECU,"MF,DF",22.0,38.0,38,3351.0,37.2,1.0,2.0,3.0,1.0,0.0,0.0,11.0,0.0,0.03,0.05,0.08,0.03,0.08,N/a,N/a,N/a,N/a,N/a,N/a,N/a,N/a,N/a,N/a,N/a,N/a,N/a,N/a,N/a,N/a,37.2,1.0,20.0,3.0,15.0,0.54,0.08,0.05,0.33,0.0,0.0,0.0,69.0,58.0,0.0,10.0,47.0,74.0,N/a,N/a,0.0
Morato,Nottingham Forest,br BRA,DF,23.0,26.0,6,907.0,10.1,0.0,0.0,0.0,0.0,0.0,0.0,5.0,0.0,0.0,0.0,0.0,0.0,0.0,N/a,N/a,N/a,N/a,N/a,N/a,N/a,N/a,N/a,N/a,N/a,N/a,N/a,N/a,N/a,N/a,10.1,0.0,2.0,1.0,50.0,0.2,0.1,0.0,0.0,0.0,0.0,0.0,11.0,2.0,0.0,0.0,9.0,14.0,N/a,N/a,0.0
Morgan Gibbs-White,Nottingham Forest,eng ENG,MF,24.0,34.0,34,2803.0,31.1,7.0,8.0,15.0,7.0,0.0,0.0,11.0,1.0,0.22,0.26,0.48,0.22,0.48,N/a,N/a,N/a,N/a,N/a,N/a,N/a,N/a,N/a,N/a,N/a,N/a,N/a,N/a,N/a,N/a,31.1,7.0,61.0,22.0,36.1,1.96,0.71,0.11,0.32,0.0,0.0,1.0,38.0,40.0,7.0,46.0,22.0,21.0,N/a,N/a,0.0
Morgan Rogers,Aston Villa,eng ENG,MF,22.0,N/a,37,3114.0,34.6,8.0,10.0,18.0,8.0,0.0,0.0,10.0,0.0,0.23,0.29,0.52,0.23,0.52,37.0,N/a,N/a,N/a,N/a,N/a,N/a,N/a,N/a,N/a,N/a,N/a,N/a,N/a,N/a,N/a,34.6,8.0,55.0,20.0,36.4,1.59,0.58,0.15,0.4,0.0,0.0,0.0,49.0,51.0,2.0,28.0,6.0,22.0,N/a,N/a,0.0
Murillo,Nottingham Forest,br BRA,DF,22.0,36.0,36,3188.0,35.4,2.0,0.0,2.0,2.0,0.0,0.0,6.0,0.0,0.06,0.0,0.06,0.06,0.06,N/a,N/a,N/a,N/a,N/a,N/a,N/a,N/a,N/a,N/a,N/a,N/a,N/a,N/a,N/a,N/a,35.4,2.0,25.0,6.0,24.0,0.71,0.17,0.08,0.33,0.0,0.0,0.0,27.0,7.0,0.0,14.0,36.0,39.0,N/a,N/a,0.0
Myles Lewis-Skelly,Arsenal,eng ENG,DF,17.0,23.0,15,1369.0,15.2,1.0,0.0,1.0,1.0,0.0,0.0,3.0,2.0,0.07,0.0,0.07,0.07,0.07,N/a,N/a,N/a,N/a,N/a,N/a,N/a,N/a,N/a,N/a,N/a,N/a,N/a,N/a,N/a,N/a,15.2,1.0,3.0,1.0,33.3,0.2,0.07,0.33,1.0,0.0,0.0,0.0,11.0,47.0,0.0,10.0,7.0,13.0,N/a,N/a,0.0
Nathan Collins,Brentford,ie IRL,DF,23.0,38.0,38,3420.0,38.0,2.0,3.0,5.0,2.0,0.0,0.0,5.0,0.0,0.05,0.08,0.13,0.05,0.13,N/a,N/a,N/a,N/a,N/a,N/a,N/a,N/a,N/a,N/a,N/a,N/a,N/a,N/a,N/a,N/a,38.0,2.0,17.0,6.0,35.3,0.45,0.16,0.12,0.33,0.0,0.0,0.0,28.0,31.0,6.0,8.0,34.0,24.0,N/a,N/a,0.0
Neco Williams,Nottingham Forest,wls WAL,"DF,MF",23.0,35.0,28,2594.0,28.8,1.0,3.0,4.0,1.0,0.0,0.0,7.0,0.0,0.03,0.1,0.14,0.03,0.14,N/a,N/a,N/a,N/a,N/a,N/a,N/a,N/a,N/a,N/a,N/a,N/a,N/a,N/a,N/a,N/a,28.8,1.0,37.0,7.0,18.9,1.28,0.24,0.03,0.14,0.0,0.0,0.0,24.0,43.0,2.0,60.0,30.0,57.0,N/a,N/a,0.0
Nick Pope,Newcastle United,eng ENG,GK,32.0,28.0,28,2520.0,28.0,0.0,0.0,0.0,0.0,0.0,0.0,2.0,0.0,0.0,0.0,0.0,0.0,0.0,28.0,35.0,1.25,120.0,87.0,71.7,13.0,6.0,9.0,8.0,28.6,2.0,1.0,1.0,0.0,50.0,28.0,0.0,0.0,0.0,N/a,0.0,0.0,N/a,N/a,0.0,0.0,0.0,2.0,5.0,0.0,0.0,1.0,0.0,N/a,N/a,0.0
Nicolas Jackson,Chelsea,sn SEN,FW,23.0,30.0,28,2220.0,24.7,10.0,5.0,15.0,10.0,0.0,0.0,7.0,1.0,0.41,0.2,0.61,0.41,0.61,N/a,N/a,N/a,N/a,N/a,N/a,N/a,N/a,N/a,N/a,N/a,N/a,N/a,N/a,N/a,N/a,24.7,10.0,76.0,35.0,46.1,3.08,1.42,0.13,0.29,0.0,0.0,0.0,35.0,29.0,23.0,3.0,3.0,11.0,N/a,N/a,0.0
Nicolás Domínguez,Nottingham Forest,ar ARG,MF,26.0,34.0,23,1963.0,21.8,0.0,1.0,1.0,0.0,0.0,0.0,9.0,0.0,0.0,0.05,0.05,0.0,0.05,N/a,N/a,N/a,N/a,N/a,N/a,N/a,N/a,N/a,N/a,N/a,N/a,N/a,N/a,N/a,N/a,21.8,0.0,21.0,9.0,42.9,0.96,0.41,0.0,0.0,0.0,0.0,0.0,33.0,18.0,1.0,8.0,28.0,48.0,N/a,N/a,0.0
Nikola Milenković,Nottingham Forest,rs SRB,DF,26.0,37.0,37,3330.0,37.0,5.0,2.0,7.0,5.0,0.0,0.0,4.0,0.0,0.14,0.05,0.19,0.14,0.19,N/a,N/a,N/a,N/a,N/a,N/a,N/a,N/a,N/a,N/a,N/a,N/a,N/a,N/a,N/a,N/a,37.0,5.0,29.0,8.0,27.6,0.78,0.22,0.17,0.63,0.0,0.0,0.0,20.0,5.0,2.0,0.0,25.0,28.0,N/a,N/a,0.0
Noni Madueke,Chelsea,eng ENG,MF,22.0,32.0,27,2033.0,22.6,7.0,3.0,10.0,7.0,0.0,0.0,3.0,0.0,0.31,0.13,0.44,0.31,0.44,N/a,N/a,N/a,N/a,N/a,N/a,N/a,N/a,N/a,N/a,N/a,N/a,N/a,N/a,N/a,N/a,22.6,7.0,80.0,32.0,40.0,3.54,1.42,0.09,0.22,0.0,0.0,0.0,22.0,24.0,5.0,63.0,8.0,18.0,N/a,N/a,0.0
Noussair Mazraoui,Manchester United,ma MAR,"DF,MF",26.0,37.0,34,2838.0,31.5,0.0,1.0,1.0,0.0,0.0,0.0,3.0,0.0,0.0,0.03,0.03,0.0,0.03,N/a,N/a,N/a,N/a,N/a,N/a,N/a,N/a,N/a,N/a,N/a,N/a,N/a,N/a,N/a,N/a,31.5,0.0,13.0,3.0,23.1,0.41,0.1,0.0,0.0,0.0,0.0,0.0,38.0,25.0,4.0,23.0,35.0,71.0,N/a,N/a,0.0
Nélson Semedo,Wolverhampton Wanderers,pt POR,"MF,DF",30.0,34.0,32,2886.0,32.1,0.0,4.0,4.0,0.0,0.0,0.0,8.0,0.0,0.0,0.12,0.12,0.0,0.12,N/a,N/a,N/a,N/a,N/a,N/a,N/a,N/a,N/a,N/a,N/a,N/a,N/a,N/a,N/a,N/a,32.1,0.0,18.0,7.0,38.9,0.56,0.22,0.0,0.0,0.0,0.0,0.0,48.0,30.0,4.0,63.0,23.0,38.0,N/a,N/a,0.0
Ola Aina,Nottingham Forest,ng NGA,DF,27.0,35.0,35,2995.0,33.3,2.0,1.0,3.0,2.0,0.0,0.0,5.0,0.0,0.06,0.03,0.09,0.06,0.09,N/a,N/a,N/a,N/a,N/a,N/a,N/a,N/a,N/a,N/a,N/a,N/a,N/a,N/a,N/a,N/a,33.3,2.0,11.0,2.0,18.2,0.33,0.06,0.18,1.0,0.0,0.0,0.0,23.0,35.0,2.0,59.0,31.0,41.0,N/a,N/a,0.0
Oliver Skipp,Leicester City,eng ENG,MF,23.0,N/a,10,1129.0,12.5,0.0,0.0,0.0,0.0,0.0,0.0,8.0,0.0,0.0,0.0,0.0,0.0,0.0,24.0,N/a,N/a,N/a,N/a,N/a,N/a,N/a,N/a,N/a,N/a,N/a,N/a,N/a,N/a,N/a,12.5,0.0,5.0,1.0,20.0,0.4,0.08,0.0,0.0,0.0,0.0,0.0,21.0,13.0,0.0,5.0,12.0,4.0,N/a,N/a,0.0
Ollie Watkins,Aston Villa,eng ENG,FW,28.0,N/a,31,2598.0,28.9,16.0,8.0,24.0,14.0,2.0,2.0,2.0,0.0,0.55,0.28,0.83,0.48,0.76,38.0,N/a,N/a,N/a,N/a,N/a,N/a,N/a,N/a,N/a,N/a,N/a,N/a,N/a,N/a,N/a,28.9,16.0,84.0,40.0,47.6,2.91,1.39,0.17,0.35,2.0,2.0,0.0,29.0,33.0,16.0,7.0,7.0,7.0,N/a,N/a,0.0
Omar Marmoush,Manchester City,eg EGY,"MF,FW",25.0,16.0,14,1175.0,13.1,7.0,0.0,7.0,7.0,0.0,0.0,0.0,0.0,0.54,0.0,0.54,0.54,0.54,N/a,N/a,N/a,N/a,N/a,N/a,N/a,N/a,N/a,N/a,N/a,N/a,N/a,N/a,N/a,N/a,13.1,7.0,49.0,17.0,34.7,3.75,1.3,0.14,0.41,0.0,0.0,0.0,15.0,20.0,10.0,29.0,6.0,8.0,N/a,N/a,0.0
Omari Hutchinson,Ipswich Town,eng ENG,MF,20.0,31.0,30,2583.0,28.7,3.0,2.0,5.0,3.0,0.0,0.0,5.0,0.0,0.1,0.07,0.17,0.1,0.17,N/a,N/a,N/a,N/a,N/a,N/a,N/a,N/a,N/a,N/a,N/a,N/a,N/a,N/a,N/a,N/a,28.7,3.0,45.0,19.0,42.2,1.57,0.66,0.07,0.16,0.0,0.0,0.0,31.0,46.0,6.0,81.0,11.0,13.0,N/a,N/a,0.0
Orel Mangala,Everton,be BEL,MF,26.0,N/a,14,1261.0,14.0,1.0,0.0,1.0,1.0,0.0,0.0,2.0,0.0,0.07,0.0,0.07,0.07,0.07,19.0,N/a,N/a,N/a,N/a,N/a,N/a,N/a,N/a,N/a,N/a,N/a,N/a,N/a,N/a,N/a,14.0,1.0,16.0,6.0,37.5,1.14,0.43,0.06,0.17,0.0,0.0,0.0,24.0,17.0,2.0,6.0,21.0,8.0,N/a,N/a,0.0
Pau Torres,Aston Villa,es ESP,DF,27.0,N/a,23,2020.0,22.4,0.0,0.0,0.0,0.0,0.0,0.0,2.0,0.0,0.0,0.0,0.0,0.0,0.0,24.0,N/a,N/a,N/a,N/a,N/a,N/a,N/a,N/a,N/a,N/a,N/a,N/a,N/a,N/a,N/a,22.4,0.0,8.0,3.0,37.5,0.36,0.13,0.0,0.0,0.0,0.0,0.0,8.0,7.0,0.0,4.0,9.0,15.0,N/a,N/a,0.0
Paul Onuachu,Southampton,ng NGA,FW,30.0,N/a,11,1050.0,11.7,4.0,1.0,5.0,4.0,0.0,0.0,4.0,0.0,0.34,0.09,0.43,0.34,0.43,25.0,N/a,N/a,N/a,N/a,N/a,N/a,N/a,N/a,N/a,N/a,N/a,N/a,N/a,N/a,N/a,11.7,4.0,34.0,15.0,44.1,2.91,1.29,0.12,0.27,0.0,0.0,0.0,28.0,16.0,10.0,0.0,1.0,2.0,N/a,N/a,0.0
Pedro Neto,Chelsea,pt POR,"MF,FW",24.0,35.0,24,2269.0,25.2,4.0,6.0,10.0,4.0,0.0,0.0,8.0,0.0,0.16,0.24,0.4,0.16,0.4,N/a,N/a,N/a,N/a,N/a,N/a,N/a,N/a,N/a,N/a,N/a,N/a,N/a,N/a,N/a,N/a,25.2,4.0,59.0,17.0,28.8,2.34,0.67,0.07,0.24,0.0,0.0,0.0,21.0,33.0,3.0,149.0,8.0,10.0,N/a,N/a,0.0
Pervis Estupiñán,Brighton & Hove Albion,ec ECU,DF,26.0,30.0,26,2402.0,26.7,1.0,1.0,2.0,1.0,0.0,0.0,5.0,0.0,0.04,0.04,0.07,0.04,0.07,N/a,N/a,N/a,N/a,N/a,N/a,N/a,N/a,N/a,N/a,N/a,N/a,N/a,N/a,N/a,N/a,26.7,1.0,28.0,9.0,32.1,1.05,0.34,0.04,0.11,0.0,0.0,0.0,36.0,20.0,3.0,119.0,39.0,44.0,N/a,N/a,0.0
Phil Foden,Manchester City,eng ENG,"MF,FW",24.0,28.0,20,1777.0,19.7,7.0,2.0,9.0,7.0,0.0,0.0,2.0,0.0,0.35,0.1,0.46,0.35,0.46,N/a,N/a,N/a,N/a,N/a,N/a,N/a,N/a,N/a,N/a,N/a,N/a,N/a,N/a,N/a,N/a,19.7,7.0,54.0,16.0,29.6,2.73,0.81,0.13,0.44,0.0,0.0,0.0,5.0,35.0,3.0,81.0,9.0,5.0,N/a,N/a,0.0
Rasmus Højlund,Manchester United,dk DEN,FW,21.0,32.0,23,2004.0,22.3,4.0,0.0,4.0,4.0,0.0,0.0,2.0,0.0,0.18,0.0,0.18,0.18,0.18,N/a,N/a,N/a,N/a,N/a,N/a,N/a,N/a,N/a,N/a,N/a,N/a,N/a,N/a,N/a,N/a,22.3,4.0,32.0,13.0,40.6,1.44,0.58,0.13,0.31,0.0,0.0,0.0,18.0,28.0,13.0,7.0,2.0,1.0,N/a,N/a,0.0
Rayan Aït-Nouri,Wolverhampton Wanderers,dz ALG,"MF,DF",23.0,37.0,37,3109.0,34.5,4.0,7.0,11.0,4.0,0.0,0.0,7.0,1.0,0.12,0.2,0.32,0.12,0.32,N/a,N/a,N/a,N/a,N/a,N/a,N/a,N/a,N/a,N/a,N/a,N/a,N/a,N/a,N/a,N/a,34.5,4.0,36.0,13.0,36.1,1.04,0.38,0.11,0.31,0.0,0.0,1.0,30.0,46.0,6.0,94.0,24.0,55.0,N/a,N/a,0.0
Raúl Jiménez,Fulham,mx MEX,FW,33.0,N/a,30,2494.0,27.7,12.0,3.0,15.0,9.0,3.0,3.0,4.0,0.0,0.43,0.11,0.54,0.32,0.43,38.0,N/a,N/a,N/a,N/a,N/a,N/a,N/a,N/a,N/a,N/a,N/a,N/a,N/a,N/a,N/a,27.7,12.0,96.0,33.0,34.4,3.46,1.19,0.09,0.27,3.0,3.0,0.0,39.0,41.0,15.0,22.0,11.0,24.0,N/a,N/a,0.0
Reece James,Chelsea,eng ENG,"DF,MF",24.0,19.0,12,1063.0,11.8,1.0,1.0,2.0,1.0,0.0,0.0,1.0,0.0,0.08,0.08,0.17,0.08,0.17,N/a,N/a,N/a,N/a,N/a,N/a,N/a,N/a,N/a,N/a,N/a,N/a,N/a,N/a,N/a,N/a,11.8,1.0,11.0,3.0,27.3,0.93,0.25,0.09,0.33,0.0,0.0,0.0,8.0,11.0,0.0,43.0,14.0,9.0,N/a,N/a,0.0
Riccardo Calafiori,Arsenal,it ITA,DF,22.0,19.0,11,983.0,10.9,2.0,1.0,3.0,2.0,0.0,0.0,4.0,0.0,0.18,0.09,0.27,0.18,0.27,N/a,N/a,N/a,N/a,N/a,N/a,N/a,N/a,N/a,N/a,N/a,N/a,N/a,N/a,N/a,N/a,10.9,2.0,10.0,6.0,60.0,0.92,0.55,0.2,0.33,0.0,0.0,0.0,15.0,6.0,3.0,11.0,8.0,18.0,N/a,N/a,0.0
Rico Lewis,Manchester City,eng ENG,"DF,MF",19.0,28.0,21,1893.0,21.0,1.0,2.0,3.0,1.0,0.0,0.0,5.0,1.0,0.05,0.1,0.14,0.05,0.14,N/a,N/a,N/a,N/a,N/a,N/a,N/a,N/a,N/a,N/a,N/a,N/a,N/a,N/a,N/a,N/a,21.0,1.0,10.0,2.0,20.0,0.48,0.1,0.1,0.5,0.0,0.0,1.0,12.0,34.0,0.0,7.0,14.0,17.0,N/a,N/a,0.0
Robert Sánchez,Chelsea,es ESP,GK,26.0,32.0,32,2880.0,32.0,0.0,0.0,0.0,0.0,0.0,0.0,5.0,0.0,0.0,0.0,0.0,0.0,0.0,32.0,34.0,1.06,123.0,94.0,75.6,17.0,9.0,6.0,10.0,31.3,5.0,4.0,1.0,0.0,20.0,32.0,0.0,0.0,0.0,N/a,0.0,0.0,N/a,N/a,0.0,0.0,0.0,2.0,4.0,0.0,0.0,2.0,0.0,N/a,N/a,0.0
Rodrigo Muniz,Fulham,br BRA,FW,23.0,N/a,8,964.0,10.7,8.0,1.0,9.0,8.0,0.0,0.0,1.0,0.0,0.75,0.09,0.84,0.75,0.84,31.0,N/a,N/a,N/a,N/a,N/a,N/a,N/a,N/a,N/a,N/a,N/a,N/a,N/a,N/a,N/a,10.7,8.0,40.0,19.0,47.5,3.73,1.77,0.2,0.42,0.0,0.0,0.0,11.0,31.0,3.0,1.0,4.0,6.0,N/a,N/a,0.0
Ryan Christie,Bournemouth,sct SCO,MF,29.0,N/a,27,2117.0,23.5,2.0,3.0,5.0,2.0,0.0,0.0,9.0,0.0,0.09,0.13,0.21,0.09,0.21,29.0,N/a,N/a,N/a,N/a,N/a,N/a,N/a,N/a,N/a,N/a,N/a,N/a,N/a,N/a,N/a,23.5,2.0,33.0,12.0,36.4,1.4,0.51,0.06,0.17,0.0,0.0,0.0,42.0,31.0,1.0,47.0,30.0,33.0,N/a,N/a,0.0
Ryan Gravenberch,Liverpool,nl NED,MF,22.0,37.0,37,3160.0,35.1,0.0,4.0,4.0,0.0,0.0,0.0,6.0,1.0,0.0,0.11,0.11,0.0,0.11,N/a,N/a,N/a,N/a,N/a,N/a,N/a,N/a,N/a,N/a,N/a,N/a,N/a,N/a,N/a,N/a,35.1,0.0,20.0,5.0,25.0,0.57,0.14,0.0,0.0,0.0,0.0,0.0,47.0,52.0,0.0,7.0,56.0,37.0,N/a,N/a,0.0
Ryan Manning,Southampton,ie IRL,"DF,MF",28.0,N/a,18,1462.0,16.2,0.0,1.0,1.0,0.0,0.0,0.0,2.0,0.0,0.0,0.06,0.06,0.0,0.06,24.0,N/a,N/a,N/a,N/a,N/a,N/a,N/a,N/a,N/a,N/a,N/a,N/a,N/a,N/a,N/a,16.2,0.0,8.0,1.0,12.5,0.49,0.06,0.0,0.0,0.0,0.0,0.0,19.0,33.0,0.0,84.0,17.0,18.0,N/a,N/a,0.0
Ryan Yates,Nottingham Forest,eng ENG,MF,26.0,35.0,18,1915.0,21.3,2.0,1.0,3.0,2.0,0.0,0.0,10.0,0.0,0.09,0.05,0.14,0.09,0.14,N/a,N/a,N/a,N/a,N/a,N/a,N/a,N/a,N/a,N/a,N/a,N/a,N/a,N/a,N/a,N/a,21.3,2.0,33.0,9.0,27.3,1.55,0.42,0.06,0.22,0.0,0.0,0.0,54.0,48.0,7.0,8.0,25.0,21.0,N/a,N/a,0.0
Rúben Dias,Manchester City,pt POR,"DF,MF",27.0,27.0,25,2271.0,25.2,0.0,0.0,0.0,0.0,0.0,0.0,4.0,0.0,0.0,0.0,0.0,0.0,0.0,N/a,N/a,N/a,N/a,N/a,N/a,N/a,N/a,N/a,N/a,N/a,N/a,N/a,N/a,N/a,N/a,25.2,0.0,21.0,7.0,33.3,0.83,0.28,0.0,0.0,0.0,0.0,0.0,12.0,8.0,0.0,3.0,19.0,11.0,N/a,N/a,1.0
Sam Morsy,Ipswich Town,eg EGY,MF,32.0,33.0,31,2751.0,30.6,1.0,1.0,2.0,1.0,0.0,0.0,10.0,0.0,0.03,0.03,0.07,0.03,0.07,N/a,N/a,N/a,N/a,N/a,N/a,N/a,N/a,N/a,N/a,N/a,N/a,N/a,N/a,N/a,N/a,30.6,1.0,13.0,3.0,23.1,0.43,0.1,0.08,0.33,0.0,0.0,0.0,48.0,27.0,0.0,15.0,28.0,39.0,N/a,N/a,1.0
Sammie Szmodics,Ipswich Town,ie IRL,MF,28.0,20.0,13,992.0,11.0,4.0,0.0,4.0,4.0,0.0,0.0,2.0,0.0,0.36,0.0,0.36,0.36,0.36,N/a,N/a,N/a,N/a,N/a,N/a,N/a,N/a,N/a,N/a,N/a,N/a,N/a,N/a,N/a,N/a,11.0,4.0,21.0,12.0,57.1,1.91,1.09,0.19,0.33,0.0,0.0,0.0,9.0,8.0,8.0,14.0,5.0,12.0,N/a,N/a,0.0
Sander Berge,Fulham,no NOR,MF,26.0,N/a,26,2224.0,24.7,0.0,0.0,0.0,0.0,0.0,0.0,6.0,0.0,0.0,0.0,0.0,0.0,0.0,31.0,N/a,N/a,N/a,N/a,N/a,N/a,N/a,N/a,N/a,N/a,N/a,N/a,N/a,N/a,N/a,24.7,0.0,3.0,1.0,33.3,0.12,0.04,0.0,0.0,0.0,0.0,0.0,30.0,10.0,0.0,3.0,21.0,32.0,N/a,N/a,0.0
Sandro Tonali,Newcastle United,it ITA,MF,24.0,36.0,28,2630.0,29.2,4.0,2.0,6.0,4.0,0.0,0.0,5.0,0.0,0.14,0.07,0.21,0.14,0.21,N/a,N/a,N/a,N/a,N/a,N/a,N/a,N/a,N/a,N/a,N/a,N/a,N/a,N/a,N/a,N/a,29.2,4.0,35.0,12.0,34.3,1.2,0.41,0.11,0.33,0.0,0.0,0.0,37.0,49.0,2.0,54.0,32.0,32.0,N/a,N/a,0.0
Santiago Bueno,Wolverhampton Wanderers,uy URU,DF,25.0,29.0,18,1687.0,18.7,0.0,0.0,0.0,0.0,0.0,0.0,2.0,0.0,0.0,0.0,0.0,0.0,0.0,N/a,N/a,N/a,N/a,N/a,N/a,N/a,N/a,N/a,N/a,N/a,N/a,N/a,N/a,N/a,N/a,18.7,0.0,6.0,3.0,50.0,0.32,0.16,0.0,0.0,0.0,0.0,0.0,27.0,5.0,0.0,0.0,13.0,20.0,N/a,N/a,0.0
Saša Lukić,Fulham,rs SRB,MF,27.0,N/a,28,2344.0,26.0,0.0,2.0,2.0,0.0,0.0,0.0,12.0,0.0,0.0,0.08,0.08,0.0,0.08,30.0,N/a,N/a,N/a,N/a,N/a,N/a,N/a,N/a,N/a,N/a,N/a,N/a,N/a,N/a,N/a,26.0,0.0,18.0,3.0,16.7,0.69,0.12,0.0,0.0,0.0,0.0,0.0,66.0,26.0,0.0,63.0,26.0,38.0,N/a,N/a,0.0
Sepp van den Berg,Brentford,nl NED,DF,22.0,31.0,29,2586.0,28.7,0.0,0.0,0.0,0.0,0.0,0.0,3.0,0.0,0.0,0.0,0.0,0.0,0.0,N/a,N/a,N/a,N/a,N/a,N/a,N/a,N/a,N/a,N/a,N/a,N/a,N/a,N/a,N/a,N/a,28.7,0.0,20.0,6.0,30.0,0.7,0.21,0.0,0.0,0.0,0.0,0.0,23.0,5.0,1.0,7.0,22.0,24.0,N/a,N/a,0.0
Simon Adingra,Brighton & Hove Albion,ci CIV,MF,22.0,29.0,12,1097.0,12.2,2.0,2.0,4.0,2.0,0.0,0.0,0.0,0.0,0.16,0.16,0.33,0.16,0.33,N/a,N/a,N/a,N/a,N/a,N/a,N/a,N/a,N/a,N/a,N/a,N/a,N/a,N/a,N/a,N/a,12.2,2.0,33.0,8.0,24.2,2.71,0.66,0.06,0.25,0.0,0.0,0.0,13.0,4.0,4.0,42.0,9.0,16.0,N/a,N/a,0.0
Stefan Ortega,Manchester City,de GER,GK,31.0,13.0,12,1100.0,12.2,0.0,0.0,0.0,0.0,0.0,0.0,1.0,0.0,0.0,0.0,0.0,0.0,0.0,13.0,18.0,1.47,49.0,33.0,67.3,5.0,4.0,3.0,3.0,25.0,2.0,2.0,0.0,0.0,0.0,12.2,0.0,0.0,0.0,N/a,0.0,0.0,N/a,N/a,0.0,0.0,0.0,1.0,2.0,0.0,0.0,0.0,0.0,N/a,N/a,0.0
Stephy Mavididi,Leicester City,eng ENG,MF,26.0,N/a,16,1615.0,17.9,4.0,1.0,5.0,4.0,0.0,0.0,2.0,0.0,0.22,0.06,0.28,0.22,0.28,30.0,N/a,N/a,N/a,N/a,N/a,N/a,N/a,N/a,N/a,N/a,N/a,N/a,N/a,N/a,N/a,17.9,4.0,26.0,7.0,26.9,1.45,0.39,0.15,0.57,0.0,0.0,0.0,18.0,18.0,3.0,70.0,8.0,20.0,N/a,N/a,0.0
Sávio,Manchester City,br BRA,"MF,FW",20.0,29.0,21,1766.0,19.6,1.0,8.0,9.0,1.0,0.0,0.0,3.0,0.0,0.05,0.41,0.46,0.05,0.46,N/a,N/a,N/a,N/a,N/a,N/a,N/a,N/a,N/a,N/a,N/a,N/a,N/a,N/a,N/a,N/a,19.6,1.0,55.0,21.0,38.2,2.8,1.07,0.02,0.05,0.0,0.0,0.0,17.0,28.0,3.0,84.0,4.0,17.0,N/a,N/a,0.0
Taylor Harwood-Bellis,Southampton,eng ENG,DF,22.0,N/a,32,2825.0,31.4,1.0,0.0,1.0,1.0,0.0,0.0,9.0,0.0,0.03,0.0,0.03,0.03,0.03,34.0,N/a,N/a,N/a,N/a,N/a,N/a,N/a,N/a,N/a,N/a,N/a,N/a,N/a,N/a,N/a,31.4,1.0,20.0,8.0,40.0,0.64,0.25,0.05,0.13,0.0,0.0,0.0,35.0,14.0,0.0,10.0,29.0,22.0,N/a,N/a,0.0
Thomas Partey,Arsenal,gh GHA,"MF,DF",31.0,35.0,31,2797.0,31.1,4.0,2.0,6.0,4.0,0.0,0.0,4.0,0.0,0.13,0.06,0.19,0.13,0.19,N/a,N/a,N/a,N/a,N/a,N/a,N/a,N/a,N/a,N/a,N/a,N/a,N/a,N/a,N/a,N/a,31.1,4.0,26.0,9.0,34.6,0.84,0.29,0.15,0.44,0.0,0.0,0.0,44.0,31.0,1.0,12.0,35.0,53.0,N/a,N/a,0.0
Timothy Castagne,Fulham,be BEL,"DF,MF",28.0,N/a,17,1649.0,18.3,0.0,1.0,1.0,0.0,0.0,0.0,1.0,0.0,0.0,0.05,0.05,0.0,0.05,24.0,N/a,N/a,N/a,N/a,N/a,N/a,N/a,N/a,N/a,N/a,N/a,N/a,N/a,N/a,N/a,18.3,0.0,8.0,3.0,37.5,0.44,0.16,0.0,0.0,0.0,0.0,0.0,15.0,6.0,1.0,38.0,23.0,31.0,N/a,N/a,0.0
Tomáš Souček,West Ham United,cz CZE,MF,29.0,35.0,30,2567.0,28.5,9.0,1.0,10.0,9.0,0.0,0.0,8.0,0.0,0.32,0.04,0.35,0.32,0.35,N/a,N/a,N/a,N/a,N/a,N/a,N/a,N/a,N/a,N/a,N/a,N/a,N/a,N/a,N/a,N/a,28.5,9.0,55.0,18.0,32.7,1.93,0.63,0.16,0.5,0.0,0.0,0.0,47.0,25.0,4.0,13.0,20.0,22.0,N/a,N/a,0.0
Tosin Adarabioyo,Chelsea,eng ENG,DF,26.0,22.0,15,1409.0,15.7,1.0,1.0,2.0,1.0,0.0,0.0,4.0,0.0,0.06,0.06,0.13,0.06,0.13,N/a,N/a,N/a,N/a,N/a,N/a,N/a,N/a,N/a,N/a,N/a,N/a,N/a,N/a,N/a,N/a,15.7,1.0,13.0,2.0,15.4,0.83,0.13,0.08,0.5,0.0,0.0,0.0,8.0,9.0,1.0,0.0,10.0,13.0,N/a,N/a,0.0
Toti Gomes,Wolverhampton Wanderers,pt POR,DF,25.0,31.0,30,2614.0,29.0,0.0,1.0,1.0,0.0,0.0,0.0,7.0,0.0,0.0,0.03,0.03,0.0,0.03,N/a,N/a,N/a,N/a,N/a,N/a,N/a,N/a,N/a,N/a,N/a,N/a,N/a,N/a,N/a,N/a,29.0,0.0,7.0,3.0,42.9,0.24,0.1,0.0,0.0,0.0,0.0,0.0,24.0,15.0,4.0,13.0,26.0,43.0,N/a,N/a,0.0
Trent Alexander-Arnold,Liverpool,eng ENG,DF,25.0,33.0,28,2365.0,26.3,3.0,6.0,9.0,3.0,0.0,0.0,5.0,0.0,0.11,0.23,0.34,0.11,0.34,N/a,N/a,N/a,N/a,N/a,N/a,N/a,N/a,N/a,N/a,N/a,N/a,N/a,N/a,N/a,N/a,26.3,3.0,45.0,8.0,17.8,1.71,0.3,0.07,0.38,0.0,0.0,0.0,11.0,9.0,1.0,154.0,31.0,49.0,N/a,N/a,0.0
Trevoh Chalobah,Chelsea,eng ENG,DF,25.0,13.0,11,910.0,10.1,0.0,1.0,1.0,0.0,0.0,0.0,2.0,0.0,0.0,0.1,0.1,0.0,0.1,N/a,N/a,N/a,N/a,N/a,N/a,N/a,N/a,N/a,N/a,N/a,N/a,N/a,N/a,N/a,N/a,10.1,0.0,7.0,3.0,42.9,0.69,0.3,0.0,0.0,0.0,0.0,0.0,9.0,7.0,0.0,3.0,9.0,7.0,N/a,N/a,0.0
Trevoh Chalobah,Crystal Palace,eng ENG,DF,25.0,12.0,12,1060.0,11.8,3.0,0.0,3.0,3.0,0.0,0.0,1.0,0.0,0.25,0.0,0.25,0.25,0.25,N/a,N/a,N/a,N/a,N/a,N/a,N/a,N/a,N/a,N/a,N/a,N/a,N/a,N/a,N/a,N/a,11.8,3.0,11.0,4.0,36.4,0.93,0.34,0.27,0.75,0.0,0.0,0.0,10.0,15.0,1.0,7.0,20.0,15.0,N/a,N/a,0.0
Tyler Adams,Bournemouth,us USA,MF,25.0,N/a,21,1965.0,21.8,0.0,3.0,3.0,0.0,0.0,0.0,7.0,0.0,0.0,0.14,0.14,0.0,0.14,28.0,N/a,N/a,N/a,N/a,N/a,N/a,N/a,N/a,N/a,N/a,N/a,N/a,N/a,N/a,N/a,21.8,0.0,9.0,2.0,22.2,0.41,0.09,0.0,0.0,0.0,0.0,0.0,46.0,21.0,0.0,2.0,30.0,56.0,N/a,N/a,0.0
Tyler Dibling,Southampton,eng ENG,"MF,FW",18.0,N/a,20,1874.0,20.8,2.0,0.0,2.0,2.0,0.0,0.0,6.0,0.0,0.1,0.0,0.1,0.1,0.1,33.0,N/a,N/a,N/a,N/a,N/a,N/a,N/a,N/a,N/a,N/a,N/a,N/a,N/a,N/a,N/a,20.8,2.0,28.0,9.0,32.1,1.34,0.43,0.07,0.22,0.0,0.0,0.0,30.0,51.0,2.0,28.0,7.0,21.0,N/a,N/a,0.0
Tyrick Mitchell,Crystal Palace,eng ENG,MF,24.0,37.0,37,3092.0,34.4,0.0,5.0,5.0,0.0,0.0,0.0,2.0,0.0,0.0,0.15,0.15,0.0,0.15,N/a,N/a,N/a,N/a,N/a,N/a,N/a,N/a,N/a,N/a,N/a,N/a,N/a,N/a,N/a,N/a,34.4,0.0,12.0,3.0,25.0,0.35,0.09,0.0,0.0,0.0,0.0,0.0,23.0,25.0,2.0,107.0,21.0,53.0,N/a,N/a,0.0
Tyrone Mings,Aston Villa,eng ENG,DF,31.0,N/a,12,1120.0,12.4,0.0,0.0,0.0,0.0,0.0,0.0,1.0,0.0,0.0,0.0,0.0,0.0,0.0,14.0,N/a,N/a,N/a,N/a,N/a,N/a,N/a,N/a,N/a,N/a,N/a,N/a,N/a,N/a,N/a,12.4,0.0,9.0,1.0,11.1,0.72,0.08,0.0,0.0,0.0,0.0,0.0,4.0,11.0,0.0,1.0,7.0,6.0,N/a,N/a,0.0
Valentino Livramento,Newcastle United,eng ENG,DF,21.0,37.0,32,2840.0,31.6,0.0,1.0,1.0,0.0,0.0,0.0,1.0,0.0,0.0,0.03,0.03,0.0,0.03,N/a,N/a,N/a,N/a,N/a,N/a,N/a,N/a,N/a,N/a,N/a,N/a,N/a,N/a,N/a,N/a,31.6,0.0,6.0,2.0,33.3,0.19,0.06,0.0,0.0,0.0,0.0,0.0,6.0,35.0,2.0,52.0,26.0,34.0,N/a,N/a,0.0
Victor Bernth Kristiansen,Leicester City,dk DEN,"DF,MF",21.0,N/a,29,2482.0,27.6,0.0,1.0,1.0,0.0,0.0,0.0,1.0,0.0,0.0,0.04,0.04,0.0,0.04,30.0,N/a,N/a,N/a,N/a,N/a,N/a,N/a,N/a,N/a,N/a,N/a,N/a,N/a,N/a,N/a,27.6,0.0,3.0,0.0,0.0,0.11,0.0,0.0,N/a,0.0,0.0,0.0,19.0,18.0,3.0,96.0,37.0,51.0,N/a,N/a,1.0
Virgil van Dijk,Liverpool,nl NED,DF,33.0,37.0,37,3330.0,37.0,3.0,1.0,4.0,3.0,0.0,0.0,5.0,0.0,0.08,0.03,0.11,0.08,0.11,N/a,N/a,N/a,N/a,N/a,N/a,N/a,N/a,N/a,N/a,N/a,N/a,N/a,N/a,N/a,N/a,37.0,3.0,26.0,8.0,30.8,0.7,0.22,0.12,0.38,0.0,0.0,0.0,17.0,13.0,0.0,1.0,54.0,20.0,N/a,N/a,0.0
Vitaliy Mykolenko,Everton,ua UKR,DF,25.0,N/a,35,3082.0,34.2,1.0,2.0,3.0,1.0,0.0,0.0,4.0,0.0,0.03,0.06,0.09,0.03,0.09,35.0,N/a,N/a,N/a,N/a,N/a,N/a,N/a,N/a,N/a,N/a,N/a,N/a,N/a,N/a,N/a,34.2,1.0,14.0,1.0,7.1,0.41,0.03,0.07,1.0,0.0,0.0,0.0,22.0,34.0,3.0,100.0,42.0,38.0,N/a,N/a,0.0
Vitaly Janelt,Brentford,de GER,MF,26.0,32.0,27,2254.0,25.0,1.0,3.0,4.0,1.0,0.0,0.0,3.0,0.0,0.04,0.12,0.16,0.04,0.16,N/a,N/a,N/a,N/a,N/a,N/a,N/a,N/a,N/a,N/a,N/a,N/a,N/a,N/a,N/a,N/a,25.0,1.0,14.0,4.0,28.6,0.56,0.16,0.07,0.25,0.0,0.0,0.0,25.0,15.0,1.0,31.0,27.0,24.0,N/a,N/a,2.0
Vladimír Coufal,West Ham United,cz CZE,"DF,MF",31.0,22.0,11,1067.0,11.9,0.0,0.0,0.0,0.0,0.0,0.0,5.0,0.0,0.0,0.0,0.0,0.0,0.0,N/a,N/a,N/a,N/a,N/a,N/a,N/a,N/a,N/a,N/a,N/a,N/a,N/a,N/a,N/a,N/a,11.9,0.0,7.0,2.0,28.6,0.59,0.17,0.0,0.0,0.0,0.0,0.0,22.0,16.0,0.0,28.0,8.0,16.0,N/a,N/a,1.0
Wes Burns,Ipswich Town,wls WAL,MF,29.0,18.0,12,926.0,10.3,0.0,1.0,1.0,0.0,0.0,0.0,1.0,0.0,0.0,0.1,0.1,0.0,0.1,N/a,N/a,N/a,N/a,N/a,N/a,N/a,N/a,N/a,N/a,N/a,N/a,N/a,N/a,N/a,N/a,10.3,0.0,7.0,1.0,14.3,0.68,0.1,0.0,0.0,0.0,0.0,0.0,4.0,11.0,0.0,45.0,10.0,11.0,N/a,N/a,0.0
Wesley Fofana,Chelsea,fr FRA,DF,23.0,14.0,14,1172.0,13.0,0.0,0.0,0.0,0.0,0.0,0.0,7.0,0.0,0.0,0.0,0.0,0.0,0.0,N/a,N/a,N/a,N/a,N/a,N/a,N/a,N/a,N/a,N/a,N/a,N/a,N/a,N/a,N/a,N/a,13.0,0.0,3.0,0.0,0.0,0.23,0.0,0.0,N/a,0.0,0.0,0.0,24.0,16.0,0.0,1.0,12.0,11.0,N/a,N/a,0.0
Wilfred Ndidi,Leicester City,ng NGA,MF,27.0,N/a,28,2324.0,25.8,0.0,5.0,5.0,0.0,0.0,0.0,8.0,0.0,0.0,0.19,0.19,0.0,0.19,28.0,N/a,N/a,N/a,N/a,N/a,N/a,N/a,N/a,N/a,N/a,N/a,N/a,N/a,N/a,N/a,25.8,0.0,22.0,8.0,36.4,0.85,0.31,0.0,0.0,0.0,0.0,0.0,39.0,18.0,3.0,30.0,27.0,48.0,N/a,N/a,1.0
Will Hughes,Crystal Palace,eng ENG,MF,29.0,33.0,24,2108.0,23.4,0.0,3.0,3.0,0.0,0.0,0.0,11.0,0.0,0.0,0.13,0.13,0.0,0.13,N/a,N/a,N/a,N/a,N/a,N/a,N/a,N/a,N/a,N/a,N/a,N/a,N/a,N/a,N/a,N/a,23.4,0.0,22.0,1.0,4.5,0.94,0.04,0.0,0.0,0.0,0.0,0.0,65.0,31.0,0.0,70.0,21.0,36.0,N/a,N/a,0.0
William Saliba,Arsenal,fr FRA,DF,23.0,35.0,35,3039.0,33.8,2.0,0.0,2.0,2.0,0.0,0.0,2.0,1.0,0.06,0.0,0.06,0.06,0.06,N/a,N/a,N/a,N/a,N/a,N/a,N/a,N/a,N/a,N/a,N/a,N/a,N/a,N/a,N/a,N/a,33.8,2.0,6.0,3.0,50.0,0.18,0.09,0.33,0.67,0.0,0.0,0.0,28.0,17.0,1.0,3.0,22.0,34.0,N/a,N/a,0.0
Wout Faes,Leicester City,be BEL,DF,26.0,N/a,30,2815.0,31.3,1.0,0.0,1.0,1.0,0.0,0.0,4.0,0.0,0.03,0.0,0.03,0.03,0.03,34.0,N/a,N/a,N/a,N/a,N/a,N/a,N/a,N/a,N/a,N/a,N/a,N/a,N/a,N/a,N/a,31.3,1.0,12.0,1.0,8.3,0.38,0.03,0.08,1.0,0.0,0.0,0.0,23.0,11.0,1.0,5.0,22.0,28.0,N/a,N/a,0.0
Yankuba Minteh,Brighton & Hove Albion,gm GAM,MF,20.0,32.0,20,1838.0,20.4,6.0,4.0,10.0,6.0,0.0,0.0,6.0,0.0,0.29,0.2,0.49,0.29,0.49,N/a,N/a,N/a,N/a,N/a,N/a,N/a,N/a,N/a,N/a,N/a,N/a,N/a,N/a,N/a,N/a,20.4,6.0,34.0,16.0,47.1,1.66,0.78,0.18,0.38,0.0,0.0,0.0,21.0,11.0,6.0,90.0,12.0,36.0,N/a,N/a,0.0
Yasin Ayari,Brighton & Hove Albion,se SWE,MF,20.0,34.0,22,1965.0,21.8,2.0,1.0,3.0,2.0,0.0,0.0,3.0,0.0,0.09,0.05,0.14,0.09,0.14,N/a,N/a,N/a,N/a,N/a,N/a,N/a,N/a,N/a,N/a,N/a,N/a,N/a,N/a,N/a,N/a,21.8,2.0,28.0,8.0,28.6,1.28,0.37,0.07,0.25,0.0,0.0,0.0,36.0,26.0,3.0,70.0,20.0,32.0,N/a,N/a,0.0
Yehor Yarmoliuk,Brentford,ua UKR,MF,20.0,31.0,15,1450.0,16.1,0.0,0.0,0.0,0.0,0.0,0.0,6.0,0.0,0.0,0.0,0.0,0.0,0.0,N/a,N/a,N/a,N/a,N/a,N/a,N/a,N/a,N/a,N/a,N/a,N/a,N/a,N/a,N/a,N/a,16.1,0.0,9.0,2.0,22.2,0.56,0.12,0.0,0.0,0.0,0.0,0.0,19.0,13.0,2.0,16.0,13.0,30.0,N/a,N/a,0.0
Yoane Wissa,Brentford,cd COD,FW,27.0,35.0,34,2919.0,32.4,19.0,4.0,23.0,19.0,0.0,0.0,5.0,0.0,0.59,0.12,0.71,0.59,0.71,N/a,N/a,N/a,N/a,N/a,N/a,N/a,N/a,N/a,N/a,N/a,N/a,N/a,N/a,N/a,N/a,32.4,19.0,90.0,43.0,47.8,2.77,1.33,0.21,0.44,0.0,0.0,0.0,33.0,51.0,14.0,19.0,8.0,13.0,N/a,N/a,0.0
Youri Tielemans,Aston Villa,be BEL,MF,27.0,N/a,35,3026.0,33.6,3.0,7.0,10.0,3.0,0.0,1.0,4.0,0.0,0.09,0.21,0.3,0.09,0.3,36.0,N/a,N/a,N/a,N/a,N/a,N/a,N/a,N/a,N/a,N/a,N/a,N/a,N/a,N/a,N/a,33.6,3.0,41.0,13.0,31.7,1.22,0.39,0.07,0.23,0.0,1.0,0.0,41.0,56.0,0.0,118.0,22.0,58.0,N/a,N/a,0.0
Yukinari Sugawara,Southampton,jp JPN,"MF,DF",24.0,N/a,16,1557.0,17.3,1.0,1.0,2.0,1.0,0.0,0.0,4.0,0.0,0.06,0.06,0.12,0.06,0.12,30.0,N/a,N/a,N/a,N/a,N/a,N/a,N/a,N/a,N/a,N/a,N/a,N/a,N/a,N/a,N/a,17.3,1.0,14.0,6.0,42.9,0.81,0.35,0.07,0.17,0.0,0.0,0.0,15.0,10.0,4.0,70.0,9.0,16.0,N/a,N/a,0.0
Álex Moreno,Nottingham Forest,es ESP,DF,31.0,15.0,11,955.0,10.6,0.0,1.0,1.0,0.0,0.0,0.0,2.0,0.0,0.0,0.09,0.09,0.0,0.09,N/a,N/a,N/a,N/a,N/a,N/a,N/a,N/a,N/a,N/a,N/a,N/a,N/a,N/a,N/a,N/a,10.6,0.0,6.0,0.0,0.0,0.57,0.0,0.0,N/a,0.0,0.0,0.0,12.0,6.0,0.0,19.0,16.0,18.0,N/a,N/a,0.0
İlkay Gündoğan,Manchester City,de GER,MF,33.0,33.0,25,2223.0,24.7,1.0,6.0,7.0,1.0,0.0,0.0,1.0,0.0,0.04,0.24,0.28,0.04,0.28,N/a,N/a,N/a,N/a,N/a,N/a,N/a,N/a,N/a,N/a,N/a,N/a,N/a,N/a,N/a,N/a,24.7,1.0,27.0,7.0,25.9,1.09,0.28,0.04,0.14,0.0,0.0,0.0,15.0,27.0,1.0,62.0,14.0,13.0,N/a,N/a,0.0
Łukasz Fabiański,West Ham United,pl POL,GK,39.0,14.0,13,1160.0,12.9,0.0,0.0,0.0,0.0,0.0,0.0,2.0,0.0,0.0,0.0,0.0,0.0,0.0,14.0,21.0,1.63,68.0,50.0,73.5,6.0,3.0,4.0,3.0,23.1,3.0,3.0,0.0,0.0,0.0,12.9,0.0,0.0,0.0,N/a,0.0,0.0,N/a,N/a,0.0,0.0,0.0,2.0,1.0,0.0,0.0,0.0,0.0,N/a,N/a,0.0
